,date,developerResponse,review,rating,isEdited,title
0,1/31/2023 15:37,,baguss cuma please transfer ke bank lain jangan ada admin nya dong wkwkk,5,FALSE,bagus
1,1/31/2023 17:13,"{'id': 34631786, 'body': 'Hai Sobat BRI, jika sudah menonaktifkan fitur Notifikasi pada ponsel yang digunakan maka tidak akan menerima informasi tersebut. Jika masih mengalami kendala, silakan kirimkan detail kendala aplikasi BRImo melalui Whatsapp resmi BRI 08121214017 atau email callbri@bri.co.id. Apabila sudah tidak mengalami kendala, kami harapkan bintang 5 dari Sobat BRI. Tks~Dio\r\n', 'modified': '2023-02-02T09:04:59Z'}","Notifikasi brimo saya matikan, krna pemilihan jadwal/cronjob push notifikasi kurang tepat. Masa jam 12 malem hp bunyi bikin kaget aja. Agar lebih bijak ya team devnya.",2,FALSE,Bijak dalam kirim push notif
2,1/31/2023 13:43,,"Top,, Lebih mudah transaksi  menggunakan BRIMO DAN IB banking. SAFETY,, Thanks",5,FALSE,TRANSAKSI MUDAH DAN AMAN BRIMO
3,1/31/2023 11:38,,Memudahkan hidupku,5,FALSE,bagus
4,1/31/2023 11:26,,Mantap keren membantu,5,FALSE,Aplikasi nya mantap sekali
5,1/31/2023 11:11,,Semuanya mudah dengan brimo trmakasih BRI telah memberikan kemudahan utuk nasabah,5,FALSE,Brimo
6,1/31/2023 10:26,,Mantaappp BRImo,5,FALSE,Penilaian
7,1/31/2023 8:22,,Baik,5,FALSE,bagus
8,1/31/2023 6:53,,Fast and responsive even in older device without sacrificing the overall lobagus of the app. Everything went smooth from registration to transaction ðŸ‘,5,FALSE,Great finance app!
9,1/31/2023 5:08,,bagus lah mempermudah dalam transaksii,5,FALSE,bagus
10,1/31/2023 2:52,,Sangat membantu,5,FALSE,bagus
11,1/31/2023 3:25,"{'id': 30593449, 'body': 'Sobat BRI, mohon kesediaan mengulangi kembali melakukan transaksi BI-Fast. Jika masih mendapatkan respon yang sama, mohon kirimkan gambar dari respon yang diterima melalui Whatsapp 0812 12 14017 email callbri@bri.co.id. Tks~Diva\r\n', 'modified': '2023-01-31T03:25:55Z'}",Pilihan data universitas terbuka (UT) gk ada dlm list universitas. Apakah blm di update datanya? ðŸ¤¨,4,TRUE,Pembayaran semester UT
12,1/31/2023 2:18,,Lebih mudah dan ringan dalam 1 aplikasi ðŸ¤˜ðŸ»,5,FALSE,Mudah
13,1/31/2023 1:26,,Keamanan terjamin,5,FALSE,Mantap
14,1/31/2023 1:18,,aplikasi bagus,5,FALSE,keren
15,1/31/2023 0:32,,Semua bagus terkendali,5,FALSE,Brimo bagus
16,1/30/2023 22:55,,Wow,5,FALSE,bagus
17,1/31/2023 0:23,"{'id': 34608734, 'body': 'Hai Sobat BRI, jika mengalami kendala. Guna tindak lanjut, mohon kirimkan detail kendala yang dialami melalui email callbri@bri.co.id atau WhatsApp resmi BRI 08121214017. Jika sudah tidak mengalami kendala kami harapkan bintang 5 dari Sobat BRI. Tks~Banu\r\n', 'modified': '2023-02-01T08:29:11Z'}",Jumlah notifikasi berkurang setelah di klik tapi tidak muncul apa2.,1,FALSE,Tidak bisa buka notifikasi.
18,1/31/2023 0:18,"{'id': 34608623, 'body': 'Hai Sobat BRI, mohon maaf atas kendala yang dialami. Saat ini aplikasi BRImo dalam keadaan normal. Jika mengalami kendala, silakan kirimkan detail kendala aplikasi BRImo melalui Whatsapp resmi BRI 08121214017 atau email callbri@bri.co.id. Apabila sudah tidak mengalami kendala, kami harapkan bintang 5 dari Sobat BRI. Tks~Banu', 'modified': '2023-02-01T08:25:53Z'}","Kenapa sekarang susah bngt log in tiap mau log in gagal terus padahal internet lancar, ga bisa digunain pas lagi dibutuhin",2,FALSE,Susah log in
19,1/30/2023 16:38,,Mantap josh,5,FALSE,Ratinh
20,1/30/2023 18:01,"{'id': 28851207, 'body': 'Pastikan sudah mengunduh BRImo versi terbaru 2.18.1, apabila mengalami kendala transaksi, mohon kesediaan menyampaikan informasi lengkap melalui email callbri@bri.co.id guna pengecekan dan tindak lanjut. Namun jika sudah tidak mengalami kendala kami harapkan bintang 5 dari Sobat BRI ya. Tks~Tedi', 'modified': '2023-01-30T18:01:50Z'}","Tolong dong aplikasinya dibenerin banyak bug
Masa saldo sering gak kebaca,",1,TRUE,Banyak bug
21,1/30/2023 16:35,,Bintang 4,4,FALSE,bagus
22,1/30/2023 15:04,"{'id': 34608737, 'body': 'Hai Sobat BRI, mohon maaf atas kendala yang dialami. Guna tindak lanjut, mohon kirimkan detail kendala yang dialami melalui email callbri@bri.co.id atau WhatsApp resmi BRI 08121214017. Jika sudah tidak mengalami kendala kami harapkan bintang 5 dari Sobat BRI. Tks~Banu\r', 'modified': '2023-02-01T08:29:28Z'}","TOLONG DONG INI APLIKASI DIBENERINNNNN KATANYA BISA DAFTAR VIA ONLINE TNP KE CABANG APA INI APA???? Malah dipersulit, ampe g bisa narik uang di ATM ampe nomer telp & email g valid. Terakhir di bagus in Tp nunggu 3-4 hari. Proses video lama ngulang2 trs ini aplikasi milik negara malah nol bgt bukannya mempermudah malah mempersulittttttt",1,FALSE,Tolong aplikasinya dibenerinnnnnnn
23,1/30/2023 12:44,,"Sangat membantu, pengiriman cepat, tidak pernah pending
Selalu tingkatkan peforma mu ya",5,FALSE,bagus BRimo
24,1/30/2023 14:56,"{'id': 34608747, 'body': 'Hai Sobat BRI, pada saat verifikasi wajah mohon dipastikan kualitas Video baik, seperti tidak terlalu terang, tidak membelakangi cahaya dan tidak terlalu gelap. Apabila masih mengalami hal yang sama, silakan kirim detail kendala melalui Email callbri@bri.co.id. Jika sudah tidak mengalami kendala, kami harapkan bintang 5 dari Sobat BRI. Tks~Banu', 'modified': '2023-02-01T08:29:42Z'}",saya verifikasi wajah sampai mulut berbusa selalu gagal,1,FALSE,payah
25,1/30/2023 9:39,,Sangat praktis,5,FALSE,Membantu
26,1/30/2023 10:15,,Sekali,4,FALSE,bagus
27,1/30/2023 9:29,,Sangat simple,5,FALSE,Keren
28,1/30/2023 5:26,,bagus aplikasi,5,FALSE,bagus aplikasi
29,1/30/2023 5:43,"{'id': 34608625, 'body': 'Hai Sobat BRI, mohon maaf atas kendala yang dialami. Saat ini aplikasi BRImo dalam keadaan normal. Jika mengalami kendala, silakan kirimkan detail kendala aplikasi BRImo melalui Whatsapp resmi BRI 08121214017 atau email callbri@bri.co.id. Apabila sudah tidak mengalami kendala, kami harapkan bintang 5 dari Sobat BRI. Tks~Banu', 'modified': '2023-02-01T08:25:58Z'}","Cape daftar gk bisa bisa kode yang dari nomor hp gk bisa,dari email pung gk bisa kayak mana mau buka brimo daftar sehariang gk bisa ngulang ngulang mulu ðŸ« ",2,FALSE,Tidak bisa daftar brimo
30,1/30/2023 4:47,,Lebih mudahh transaksi,5,FALSE,Mantul
31,1/30/2023 4:32,,Mantap,5,FALSE,Mantap
32,1/30/2023 4:25,,"Super App buatan anak bangsa yang memiliki banyak fitur, kembangkan lagi fiturnya",5,FALSE,Keren
33,1/30/2023 4:31,"{'id': 34608759, 'body': 'Hai Sobat BRI, mohon maaf atas kendala yang dialami. Saat ini aplikasi BRImo dalam keadaan normal. Jika mengalami kendala, silakan kirimkan detail kendala aplikasi BRImo melalui Whatsapp resmi BRI 08121214017 atau email callbri@bri.co.id. Apabila sudah tidak mengalami kendala, kami harapkan bintang 5 dari Sobat BRI. Tks~Banu', 'modified': '2023-02-01T08:30:11Z'}","mau daftar kenapa stuck di awal, nunggu sms gamasukÂ².. mau kirim ulang juga gabisa dipencet.",1,FALSE,aplikasi stuck
34,1/30/2023 3:19,,Best mbanking,5,FALSE,Multifungsi minim crashes
35,1/30/2023 1:46,,bagus bagus,5,FALSE,bagus
36,1/29/2023 18:32,,baguse,5,FALSE,bagus
37,1/29/2023 22:36,"{'id': 34608764, 'body': 'Hai Sobat BRI, mohon maaf atas kendala yang dialami. Saat ini aplikasi BRImo dalam keadaan normal. Jika mengalami kendala, silakan kirimkan detail kendala aplikasi BRImo melalui Whatsapp resmi BRI 08121214017 atau email callbri@bri.co.id. Apabila sudah tidak mengalami kendala, kami harapkan bintang 5 dari Sobat BRI. Tks~Banu', 'modified': '2023-02-01T08:30:19Z'}",Kenapa susah banget loginnya hey?! Padahal udah reset pasword.. masih aja ga bisa login. Sistem VERY BAD atau bagaimana?!!!,1,FALSE,GAGAL LOGIN
38,1/29/2023 15:17,,Awesome,5,FALSE,bagus
39,1/29/2023 13:48,,Owsem,5,FALSE,Mantap
40,1/29/2023 11:45,,Brimo supperApps terbaik â˜‘ï¸â˜‘ï¸â˜‘ï¸,5,FALSE,Brimo Mantap
41,1/29/2023 11:17,,Thanks sukseme Bri,5,FALSE,Greet semoga nanti kalau butuh dana usaha BRI bisa bantu usaha creative saya
42,1/29/2023 10:58,"{'id': 34608766, 'body': 'Hai Sobat BRI, pada saat verifikasi wajah mohon dipastikan kualitas Video baik, seperti tidak terlalu terang, tidak membelakangi cahaya dan tidak terlalu gelap. Apabila masih mengalami hal yang sama, silakan kirim detail kendala melalui Email callbri@bri.co.id. Jika sudah tidak mengalami kendala, kami harapkan bintang 5 dari Sobat BRI. Tks~Banu', 'modified': '2023-02-01T08:30:32Z'}",kenapa saat melakukan perekaman video selalu gagal??,1,FALSE,gagal membuat akun brimo
43,1/29/2023 2:27,,Mantulita,5,FALSE,bagus
44,1/29/2023 5:54,"{'id': 34608770, 'body': 'Hai Sobat BRI, pada saat verifikasi wajah mohon dipastikan kualitas Video baik, seperti tidak terlalu terang, tidak membelakangi cahaya dan tidak terlalu gelap. Apabila masih mengalami hal yang sama, silakan kirim detail kendala melalui Email callbri@bri.co.id. Jika sudah tidak mengalami kendala, kami harapkan bintang 5 dari Sobat BRI. Tks~Banu', 'modified': '2023-02-01T08:30:41Z'}",Aplikasi nya ribet banget padahal tinggal perekaman tapi selalu gagal udah emial konsenter brimo tapi balas nya tidak sama sekali kembantu malah di suruh mencoba 1 hari 3 kali sedang kan saya hampir 1 minggu mencoba vertifikasi tapi masih gak bisa sudah ke cabang malah di suruh bikin sendiri kan gila saya bikin brimo karna atm saya ilang sedang kan saya mau bikin lagi di cabang blambangn umpu kabupaten way kanan stbagus kartu atm nya habis terimakasih,1,FALSE,Susah bikin brimo vertikasi selalu gagal
45,1/28/2023 23:00,,Transaksi apapun mudah dengan tampilan yang fungsional,5,FALSE,Brimo
46,1/29/2023 2:17,,Tampilan menu mudah dimengerti,4,FALSE,Ulasan
47,1/28/2023 13:45,,Gaada bonusnya Tapi bagus,5,FALSE,Papa Zola
48,1/28/2023 13:37,,Sangat memuaskan,5,FALSE,BRImo
49,1/28/2023 9:05,,bagus,5,FALSE,Sejauh ini bagus
50,1/28/2023 10:47,"{'id': 34608809, 'body': 'Hai Sobat BRI, mohon maaf atas kendala yang dialami. Saat ini aplikasi BRImo dalam keadaan normal. Jika mengalami kendala, silakan kirimkan detail kendala aplikasi BRImo melalui Whatsapp resmi BRI 08121214017 atau email callbri@bri.co.id. Apabila sudah tidak mengalami kendala, kami harapkan bintang 5 dari Sobat BRI. Tks~Banu', 'modified': '2023-02-01T08:32:20Z'}",apk g jelas bgt asw lemot kali aneh,1,FALSE,RUSAKK
51,1/28/2023 10:40,"{'id': 34608822, 'body': 'Hai Sobat BRI, pada saat verifikasi wajah mohon dipastikan kualitas Video baik, seperti tidak terlalu terang, tidak membelakangi cahaya dan tidak terlalu gelap. Apabila masih mengalami hal yang sama, silakan kirim detail kendala melalui Email callbri@bri.co.id. Jika sudah tidak mengalami kendala, kami harapkan bintang 5 dari Sobat BRI. Tks~Banu', 'modified': '2023-02-01T08:32:34Z'}","Saya sudah mendaftar BRImo sampai ditahap perekaman video, sudah berulang kali melakukan rekaman video dan mengikuti semua instruksi namun tidak pernah berhasil. Apakah serumit ini proses pendaftaran BRImo?",1,FALSE,Perekaman video
52,1/28/2023 6:02,,"Secepat kilat ! Ga belibet aplikasinya thx 
alot brimo",5,FALSE,Love
53,1/28/2023 6:03,"{'id': 34608867, 'body': 'Hai Sobat BRI, Bank BRI senantiasa menjaga kerahasiaan dan keamanan data serta dana Nasabah. Apabila mengalami kendala, silakan kirimkan detail kendala aplikasi BRImo melalui Whatsapp resmi BRI 08121214017 atau email callbri@bri.co.id. Apabila sudah tidak mengalami kendala, kami harapkan bintang 5 dari Sobat BRI. Tks~Banu\r\n', 'modified': '2023-02-01T08:33:39Z'}",Udah keamanan lemah login susah bank paling cacat skip aja dulu gaees,1,FALSE,BANK CACAT
54,1/28/2023 5:55,,bagus,5,FALSE,bagus seakli
55,1/28/2023 5:49,,Aman lancar mudah praktis pbagusbagusnyaðŸ’‹,5,FALSE,Mantap
56,1/28/2023 0:53,,bagus,5,FALSE,bagus
57,1/28/2023 5:00,"{'id': 34608874, 'body': 'Hai Sobat BRI, mohon maaf atas kendala yang dialami. Saat ini aplikasi BRImo dalam keadaan normal. Jika mengalami kendala, silakan kirimkan detail kendala aplikasi BRImo melalui Whatsapp resmi BRI 08121214017 atau email callbri@bri.co.id. Apabila sudah tidak mengalami kendala, kami harapkan bintang 5 dari Sobat BRI. Tks~Banu', 'modified': '2023-02-01T08:33:57Z'}",Kenapa tidak bisa sudah dilakukan sesuai dengan instruksi tapi masih tidak bisa. Bagaimana sih aplikasi ini .,1,FALSE,Tidak bisa melakukan perekaman wajah
58,1/28/2023 0:31,,keren keren,5,FALSE,mantap bri
59,1/28/2023 0:22,,Layanan area jakarta bagus,5,FALSE,Bri bagus
60,1/28/2023 0:15,,Sangat dipermudah dalam transaksi,5,FALSE,Sangat dipermudah
61,1/27/2023 18:25,,Karna mengakomodasi secara keseluruhan,5,FALSE,Keren
62,1/27/2023 16:35,"{'id': 34609269, 'body': 'Hai Sobat BRI, mohon maaf atas ketidaknyamanan yang dialami. Guna pengecekan, silakan kirimkan detail yang dimaksud melalui Whatsapp resmi BRI 08121214017 atau email callbri@bri.co.id. Apabila sudah tidak mengalami kendala, kami harapkan bintang 5 dari Sobat BRI. Tks~Banu', 'modified': '2023-02-01T08:44:48Z'}","Broadcast notif selalu tengah malam dan bikin kaget.. memang ga ada jam lain ya? Wkwk

Aplikasi lain ga ada yg broadcast notif jam 23-00 an ..

Jadi disilent aja daripada ngagetin tiap male notifnya",3,FALSE,Kenapa notifikasi selalu tengah malam?
63,1/27/2023 15:37,,"Sangat membantu sekali dalam proses transaksi dan saving money
Mudah dan efisien",5,FALSE,Layanan e-banking
64,1/27/2023 14:20,,Cepaaattt,5,FALSE,Mantapp
65,1/27/2023 12:00,,Sukses selalu Brimoo,5,FALSE,Sangat membantu untuk transaksi apapun Terimakasih
66,1/27/2023 11:44,,Sangat membantu ðŸ™ðŸ»,5,FALSE,Brimo
67,1/27/2023 10:45,,Cepat,5,FALSE,bagus
68,1/27/2023 10:40,,"dari dulu ke ya bisa bikin e banking lewat apl, maju terus deh",5,FALSE,bagus sejauh ini
69,1/27/2023 10:10,,bagus,5,FALSE,bagus
70,1/27/2023 9:03,,Tapi user timeout nya kayanya kecepetan deh ya,5,FALSE,Overall bagus
71,1/27/2023 9:01,,bagus,5,FALSE,ðŸ‘ðŸ»
72,1/27/2023 5:46,,Cakep po,5,FALSE,bagusss
73,1/27/2023 8:20,,Mntap,4,FALSE,bagus
74,1/27/2023 3:32,,bagus,5,FALSE,bagus
75,1/27/2023 2:51,,Sip,5,FALSE,bagus
76,1/27/2023 1:13,,Mantap dan terus tingkatkan,5,FALSE,Joss
77,1/26/2023 23:48,,bagus,5,FALSE,Apps
78,1/27/2023 0:09,"{'id': 34529252, 'body': 'Hai Sobat BRI, mohon maaf atas kendala yang dialami. Pastikan saat verifikasi wajah kualitas video baik, tidak terlalu terang, tidak membelakangi cahaya, tidak gelap, tidak terdapat lebih dari satu objek wajah atau benda yang menutupi wajah dan jaringan data internet yang digunakan dalam kondisi stabil/normal. Tks~Heru', 'modified': '2023-01-28T07:15:18Z'}","sudah di coba berulang kali berhari-hari ttp tidak bisa ambil rekaman video utk verifikasi diri daftar Brimo, sudah ke bank terdekat juga tidak bisa, dan aplikasi sudah di hapus-download ulang juga ttp tidak bisa. apakah ada solusi utk masalah seperti ini?",3,FALSE,tidak bisa mengambil rekaman utk verifikasi diri saat mendaftar Brimo
79,1/26/2023 13:44,,Tapi daftar di website utama bri,5,FALSE,Jangan daftar di mobile
80,1/26/2023 13:43,,baguse fast safe,5,FALSE,bagus
81,1/26/2023 12:53,,Menu lengkap dan praktis,5,FALSE,Aplikasi
82,1/26/2023 13:38,"{'id': 34528537, 'body': 'Hai Sobat BRI, mohon maaf atas kendala yang dialami. Pastikan nomor ponsel yang didaftarkan masih aktif digunakan dan pulsa ponsel tersedia untuk menerima SMS kode OTP minimal Rp1.000,- per SMS. Tks~Heru', 'modified': '2023-01-28T06:09:26Z'}",Otp email dan sms tidak keluar saat verifikasi lupa password dari beberapa hari,1,FALSE,Keluhan
83,1/26/2023 10:18,,Lebih mudah untuk transaksi,5,FALSE,bagus BRIMO
84,1/26/2023 11:41,,Goo,4,FALSE,bagus
85,1/26/2023 8:54,,Sangat membantu,5,FALSE,Baik
86,1/26/2023 3:49,,Sangat mudah di gunakan da cepat,5,FALSE,Ini yang ku cari
87,1/26/2023 5:29,"{'id': 34528615, 'body': 'Hai Sobat BRI, mohon maaf atas kendala yang dialami. Untuk tindak lanjutnya silahkan kirimkan detail kendala melalui layanan WhatsApp BRI di nomor 08121214017 atau Email callbri@bri.co.id. Tks~Heru', 'modified': '2023-01-28T06:21:32Z'}",sering erorr,1,FALSE,jelek
88,1/26/2023 4:27,"{'id': 34528627, 'body': 'Hai Sobat BRI, mohon maaf atas kendala yang dialami. Pastikan saat verifikasi perekaman wajah kualitas video baik, tidak terlalu terang, tidak membelakangi cahaya, tidak gelap, tidak terdapat lebih dari satu objek wajah atau benda yang menutupi wajah dan jaringan data internet yang digunakan dalam kondisi stabil/normal. Tks~Heru', 'modified': '2023-01-28T06:22:43Z'}","Gunanya aplikasi mempermudah , bukan nyusahin . 
Bikin rekaman nyampe 20 kali gagal mulu .",1,FALSE,Susah rekaman
89,1/26/2023 2:30,,Coba tingkatkan untuk pembayaran beberapa tbaguso game ya,5,FALSE,Mantap
90,1/26/2023 2:58,"{'id': 34529265, 'body': 'Hai Sobat BRI, mohon maaf atas kendala yang dialami. Untuk tindak lanjutnya silahkan kirimkan halaman BRI Ceria yang tampil melalui layanan WhatsApp BRI di nomor 08121214017 atau Email callbri@bri.co.id. Tks~Heru', 'modified': '2023-01-28T07:16:36Z'}","Page BRI Ceria di ios, bermasalah. Tampilan tidak bisa full page. Jadi beberapa link tidak bisa ter-click, tolong di perbaiki",3,FALSE,Page BRI Ceria
91,1/25/2023 22:42,,Mantap,5,FALSE,Luar biasa
92,1/26/2023 0:25,"{'id': 34528829, 'body': 'Hai Sobat BRI, mohon maaf atas kendala yang dialami. Demi kenyamanan dan kemudahan bertransaksi, Sobat BRI dapat melakukan transaksi perbankan dengan menggunakan aplikasi BRImo. Nominal penarikan Rp50.000 tersedia di BRImo dengan memilih menu Jalur Tarik Tunai> Indomaret> Pilih Nominal. Tks~Heru', 'modified': '2023-01-28T06:43:21Z'}","tolong dong nominal tarik tunai ny knapa ga ada pilihan yg 50.000? saldo sisa 90.000 mau narik 50.000 ga bisa, minimal 100.000 kalo mau narik.
mau buat kartu atm juga masa di cabang manapun kosong ga ada kartunya?!
TOLONG DONG BRIMO dipermudah.. mau ngambil uang jadi susah",2,FALSE,Nominal Tarik Tunai
93,1/25/2023 22:17,,bagus,5,FALSE,fajar riszy jw
94,1/25/2023 20:18,,Keren,5,FALSE,Wowwww
95,1/25/2023 13:53,,Transaksi jadi makin mudah,5,FALSE,Wow
96,1/25/2023 13:56,"{'id': 34529027, 'body': 'Hai Sobat BRI, mohon maaf atas kendala yang dialami. Pastikan saat verifikasi wajah kualitas video baik, tidak terlalu terang, tidak membelakangi cahaya, tidak gelap, tidak terdapat lebih dari satu objek wajah atau benda yang menutupi wajah dan jaringan data internet yang digunakan dalam kondisi stabil/normal. Tks~Heru', 'modified': '2023-01-28T06:54:26Z'}",mau daftar susah bgt gagal mulu di perekaman (2/4) ðŸ¥²,2,FALSE,:)
97,1/25/2023 9:40,,bagus,5,FALSE,Cepat dan mudah
98,1/25/2023 11:12,,kenapa gagal saat proses perekam video padahal jaringan sudah bagus dan sudah melakukan syarat2 yang ditentukan,4,FALSE,kenapa gagal
99,1/25/2023 10:26,"{'id': 34529039, 'body': 'Hai Sobat BRI, mohon maaf atas kendala yang dialami. Pastikan saat proses e-KYC data-data rekening yang digunakan sudah sesuai/benar dan pada saat verifikasi wajah kualitas video baik, tidak terlalu terang, tidak membelakangi cahaya, tidak gelap, tidak terdapat lebih dari satu objek wajah atau benda yang menutupi wajah dan jaringan data internet yang digunakan dalam kondisi stabil/normal. Tks~Heru\r', 'modified': '2023-01-28T06:55:40Z'}",Verifikasi kyc gagal terus. Sudah diulang berpa kali pun smpe instal ulang 2x juga tetep gagal,2,FALSE,Susah daftar mandiri meskipun sudah ikuti langkah langkah nya
100,1/25/2023 6:38,,"Interface simple dan ringkas, mudah digunakan",5,FALSE,M banking mudah digunakan
101,1/25/2023 9:22,"{'id': 34529279, 'body': 'Hai Sobat BRI, mohon maaf atas kendala yang dialami. Kami sarankan kirim ulang SMS Link kembali beberapa saat ke depan dan pastikan nomor ponsel yang didaftarkan masih aktif digunakan dan pulsa ponsel tersedia untuk menerima SMS Link minimal Rp1.000,- per SMS. Tks~Heru', 'modified': '2023-01-28T07:17:55Z'}",tidak menerima link untuk verifikasi,3,FALSE,tidak menerima sms
102,1/25/2023 7:53,"{'id': 34528746, 'body': 'Terima kasih atas ulasannya. Nominal penarikan Rp50.000 tersedia di BRImo dengan memilih menu Jalur Tarik Tunai> Indomaret> Pilih Nominal. Tks~Heru', 'modified': '2023-01-28T06:35:27Z'}","Sulit kalo gk bisa narik 50.000
Cobalah di buatin fiturnya",1,FALSE,Tarik tunai gak bisa 50.000
103,1/25/2023 6:08,,terbaikk,5,FALSE,terbaik
104,1/25/2023 4:36,,Puas,5,FALSE,Puas
105,1/25/2023 3:30,,Bri makin bagus,5,FALSE,bagus
106,1/25/2023 3:27,,"saya sudah mengganti nomor hp yang lama di atm terdekat, tpi kenapa saya mendaftar akun brimo tetap mengunakan no hp yang lama, bukannya sudah terganti yaa",5,FALSE,no hp
107,1/25/2023 3:18,,Smart,5,FALSE,bagus
108,1/25/2023 3:11,,Sangat membantu saat bertransaksi,5,FALSE,bagus
109,1/25/2023 2:25,"{'id': 28227319, 'body': 'Sobat BRI, mohon maaf atas ketidaknyamanan yang dialami. Apabila Lupa PIN pada aplikasi BRImo silakan melakukan Reset PIN pada menu ""Lupa PIN"" ya. Apabila masih mengalami kendala silakan kirimkan detail kendala melalui Email callbri@bri.co.id. Jika sudah tidak mengalami kendala kami harapkan bintang 5 dari Sobat BRI. Tks~Bevi ', 'modified': '2023-01-25T02:25:09Z'}",Lupa pin harus aktivasi ke cabang terdekat Coba belajar dari bank lain yang sama-sama milik pemerintah dengan nama yg hampir sama cuma beda huruf abjad Bisa diperbaiki sendiri lewat aplikasi Merepotkan,5,TRUE,Layanan banking digital paling payah
110,1/24/2023 16:42,,Dan cepat,5,FALSE,bagus
111,1/25/2023 2:01,"{'id': 34528750, 'body': 'Hai Sobat BRI, mohon maaf atas kendala yang dialami. Untuk tindak lanjutnya silahkan kirimkan keterangan yang tampil melalui layanan WhatsApp BRI di nomor 08121214017 atau Email callbri@bri.co.id. Tks~Heru', 'modified': '2023-01-28T06:35:56Z'}",Kenapa saya gk bisa login padahal username sama password udah benar,1,FALSE,Tidak bisa login
112,1/24/2023 12:37,,Wow,5,FALSE,Keren
113,1/24/2023 12:25,,Brimo semakin keren,5,FALSE,Puas banget gampang digunakan brimo makin canggih
114,1/24/2023 12:08,,Memuaskan memudahkan,5,FALSE,bagus
115,1/24/2023 11:22,,so far tidak pernah ada masalah,5,FALSE,bagus
116,1/24/2023 6:49,,Joss wes apix,5,FALSE,Joss
117,1/24/2023 11:14,"{'id': 34529045, 'body': 'Hai Sobat BRI, mohon maaf atas kendala yang dialami. Untuk tindak lanjutnya silahkan kirimkan keterangan gagal yang tampil melalui layanan WhatsApp BRI di nomor 08121214017 atau Email callbri@bri.co.id. Tks~Heru', 'modified': '2023-01-28T06:56:10Z'}","Jelek bgt, ga ditingkatin dari dulu, katanya mempermudah pengguna, ini mah mempersulit, setiap registrasi gagal mulu, udah ikutin instruksi padahal, ga ada alasan jelas",2,FALSE,Registrasi akun gagal trus
118,1/24/2023 6:40,,Pertahankan,5,FALSE,bagus
119,1/24/2023 2:24,,Lancar dan sangat membantu ðŸ‘ðŸ‘,5,FALSE,BRI MO
120,1/24/2023 3:22,"{'id': 30241449, 'body': 'Hello, thank you for your feedback! Weâ€™re glad youâ€™re enjoying our app and weâ€™ll keep working hard to continuously improve your banking experience on the go! Tks~Riyo\r\n', 'modified': '2023-01-24T03:22:29Z'}",Please update for ios 16.1 Brizzi nfc not working,2,TRUE,NFC not working for brizzi
121,1/24/2023 2:20,,Alhamdulillah sangat membantu,5,FALSE,Bri mob
122,1/24/2023 0:41,,Biasa aja,5,FALSE,bagus
123,1/23/2023 16:26,,sangat baik,5,FALSE,baik
124,1/23/2023 14:07,,bagus,5,FALSE,Mantab
125,1/23/2023 10:23,,Keren memudahkn segalax,5,FALSE,BRImo
126,1/23/2023 4:15,,Mantap,5,FALSE,Mantap
127,1/23/2023 5:07,"{'id': 34529569, 'body': 'Hai Sobat BRI, mohon maaf atas kendala yang dialami. Keterangan tesebut tampil karena belum melakukan Logout. Silakan Login kembali setelah 10 menit ke depan dan kami himbau agar melakukan Logout dan pergantian Password secara periodik setelah melakukan aktivitas transaksi. Tks~Heru', 'modified': '2023-01-28T07:43:33Z'}","Kbagus susah bgt login anjir
Anda belum logout dengan sempurna coba login beberapa saat lagi sampe sejam gitu terus jawabannya. Beberapa saat itu brapa tahun asu",2,FALSE,Cacat
128,1/23/2023 4:07,,Sangat membantu,5,FALSE,bagus
129,1/23/2023 3:06,,sangat membatu,5,FALSE,bagus
130,1/23/2023 1:49,,saya merasakan terbantu dengan brimo,5,FALSE,bagus dan amanah
131,1/22/2023 16:06,,User friendy. Easy to use.,5,FALSE,User friendly
132,1/22/2023 10:36,,bagus,5,FALSE,"Very bagus easy ,useful"
133,1/22/2023 12:26,,Sip,4,FALSE,Masbagus
134,1/22/2023 10:09,,bagusss bgt!!,5,FALSE,my opini
135,1/22/2023 9:01,,kern,5,FALSE,keren
136,1/22/2023 4:42,,bagus,5,FALSE,Very helpfull and easy to operate ðŸ˜Š
137,1/22/2023 3:55,,Sangat membantu dan memudahkan dalam bertransaksi,5,FALSE,Apresiasi
138,1/22/2023 3:10,,bagus,5,FALSE,bagus
139,1/22/2023 2:21,,bagus apk nya gampang buat transaksi,5,FALSE,Brimo review
140,1/22/2023 2:04,,Mksih,5,FALSE,bagus
141,1/22/2023 1:57,,"Mudah cara makenya
MantapðŸ‘",5,FALSE,Mudah apknya
142,1/21/2023 19:14,,Kasih foto profil mamang developer,5,FALSE,Profile photos
143,1/21/2023 14:47,,bagus,5,FALSE,bagus
144,1/21/2023 17:30,"{'id': 34468639, 'body': 'Hai Sobat BRI, aplikasi BRImo dalam status normal. Silakan mengulang transaksi kembali dan dipastikan jaringan stabil. Jika sudah tidak mengalami kendala kami harapkan bintang 5 dari Sobat BRI. Tks~Asri', 'modified': '2023-01-25T03:00:18Z'}",Kebanyakan gangguan,1,FALSE,Gangguan mulu
145,1/21/2023 17:30,"{'id': 34468644, 'body': 'Sobat BRI, mohon maaf atas ketidaknyamanan yang dialami. Apabila masih mengalami kendala, bisa diinformasikan kendala yang dialami melalui  WhatsApp resmi BRI 08121214017. Apabila sudah tidak mengalami kendala kami harapkan bintang 5 dari Sobat BRI. Tks~Asri', 'modified': '2023-01-25T03:02:06Z'}","Aplikasi gak jelas susah amat mau cek saldo kdang2 mau pake kartu atm aja skrng eh malah gk ada produksi lagi ktanya 
Males banget suka emosi saya gara2 brimo ini",1,FALSE,Bikin emosi
146,1/21/2023 17:24,"{'id': 34529592, 'body': 'Hai Sobat BRI, mohon maaf atas kendala yang dialami. Untuk tindak lanjutnya silahkan kirimkan keterangan yang tampil melalui layanan WhatsApp BRI di nomor 08121214017 atau Email callbri@bri.co.id. Tks~Heru', 'modified': '2023-01-28T07:45:07Z'}",Tengah malem gabisa digunakan,1,FALSE,Rusak
147,1/21/2023 17:01,"{'id': 34470196, 'body': 'Hai Sobat BRI, Bank BRI senantiasa selalu menjaga kerahasiaan data pribadi Nasabah. Mohon selalu berhati-hati terhadap pihak yang mengatasnamakan BRI, tidak menginformasikan data apa pun dan tidak mengikuti instruksi yang diberikan. Tks~Asri', 'modified': '2023-01-25T05:23:18Z'}","BRI ini sedang dipertaruhkan security system nya, banyak sekali orang gampang kena skming, uang nasabah di brimo pada berkurang sendiri, hilang, dsb. Bri itu bukan bank kemarin sore, perbaiki sistem keamanan nya!!",2,FALSE,SECURITY SISTEM LEMAH
148,1/21/2023 16:27,"{'id': 34468646, 'body': 'Sobat BRI, jika mengalami kendala, bisa diinformasikan kendala yang dialami melalui  WhatsApp resmi BRI 08121214017. Apabila sudah tidak mengalami kendala kami harapkan bintang 5 dari Sobat BRI. Tks~Asri', 'modified': '2023-01-25T03:02:50Z'}",Brimo goblbagus,1,FALSE,Goblbagus
149,1/21/2023 14:04,,bagus,5,FALSE,bagus
150,1/21/2023 7:47,,bagus,5,FALSE,bagus
151,1/21/2023 8:06,"{'id': 34470165, 'body': 'Hai Sobat BRI, jika mengalami kendala, bisa diinformasikan kendala yang dialami melalui  WhatsApp resmi BRI 08121214017. Apabila sudah tidak mengalami kendala kami harapkan bintang 5 dari Sobat BRI. Tks~Asri', 'modified': '2023-01-25T05:21:58Z'}",Limit trus,2,FALSE,Limit
152,1/21/2023 3:53,,Sangat ber guna,5,FALSE,Sangat baik untuk di pakai aplikasinya
153,1/21/2023 7:26,,Mudahmudahan aman,4,FALSE,Mudah
154,1/21/2023 5:16,"{'id': 34468647, 'body': 'Sobat BRI, mohon maaf atas ketidaknyamanan yang dialami. Guna pengecekan, bisa diinformasikan respon yang diterima berupa gambar melalui WhatsApp resmi BRI 08121214017. Jika sudah tidak mengalami kendala kami harapkan bintang 5 dari Sobat BRI. Tks~Asri', 'modified': '2023-01-25T03:03:39Z'}",Ribet mending gak jelas udah berkali2 daftar selalu error.gak guna,1,FALSE,Gak bisa log in
155,1/21/2023 4:53,"{'id': 34468648, 'body': '\r\nSobat BRI, mohon maaf atas ketidaknyamanan yang dialami. Guna pengecekan, bisa diinformasikan respon yang diterima berupa gambar melalui WhatsApp resmi BRI 08121214017. Jika sudah tidak mengalami kendala kami harapkan bintang 5 dari Sobat BRI. Tks~Asri', 'modified': '2023-01-25T03:04:05Z'}","Ini gimana pula, gak bisa login,aneh parah dah",1,FALSE,Gak bisa Login
156,1/21/2023 4:33,"{'id': 34468651, 'body': 'Sobat BRI, mohon maaf atas ketidaknyamanan yang dialami. Guna pengecekan, bisa diinformasikan respon yang diterima berupa gambar melalui WhatsApp resmi BRI 08121214017. Jika sudah tidak mengalami kendala kami harapkan bintang 5 dari Sobat BRI. Tks~Asri', 'modified': '2023-01-25T03:04:37Z'}","Daftar brimo aja susah bener, gagal di perekaman terus, tolonglah dibikin simple aja, semua rulesnya juga udah diikutin masih tetap ga bisa, mobile bangking bank lain simple simple aja perasaan, emang bri aja paling ribet.",1,FALSE,Daftar brimo gagal di perekaman
157,1/21/2023 3:40,,â¤ï¸,5,FALSE,Terbaik
158,1/21/2023 0:28,,Mantapsss,5,FALSE,Keren
159,1/21/2023 2:05,"{'id': 34468653, 'body': 'Sobat BRI, mohon maaf atas ketidaknyamanan yang dialami. Guna pengecekan, bisa diinformasikan respon yang diterima berupa gambar melalui WhatsApp resmi BRI 08121214017. Jika sudah tidak mengalami kendala kami harapkan bintang 5 dari Sobat BRI. Tks~Asri', 'modified': '2023-01-25T03:05:05Z'}","Masa foto KTP gagal, ga sesuai nama dan identitasnya. Pada saat ktp dan datanya sudah sesuai, eh malah susah di bagian perekaman videonya. Sampe udah ngisi paket data, ngisi pulsa telepon CALL CENTERnya, tapi malah ga jadi. Malah signature failed mulu. Dasar Aplikasi Perbankan Tergoblbagus!!!",1,FALSE,Aplikasi yang sangat bodoh sistem AI nya
160,1/21/2023 1:31,,mumudahkan,4,FALSE,bri
161,1/20/2023 19:19,"{'id': 34468655, 'body': 'Sobat BRI, mohon maaf atas ketidaknyamanan yang dialami. Guna pengecekan, bisa diinformasikan respon yang diterima berupa gambar melalui WhatsApp resmi BRI 08121214017. Jika sudah tidak mengalami kendala kami harapkan bintang 5 dari Sobat BRI. Tks~Asri', 'modified': '2023-01-25T03:05:25Z'}",kenapa saya mau daftar BRImo ga bisa ya pas perekaman vidio error terus ini kenapa sih,1,FALSE,error pada saat melakukan perekaman vidio pendaftaran BRImo
162,1/20/2023 17:30,"{'id': 34468667, 'body': 'Hai Sobat BRI, mohon maaf atas keterlambatan respon dari kami. Kami sarankan melakukan pengecekan mutasi rekening melalui aplikasi BRImo atau mengunjungi kantor BRI terdekat dengan membawa buku tabungan, kartu ATM dan e-KTP.Jika sudah tidak mengalami kendala kami harapkan bintang 5 dari Sobat BRI. Tks~Asri', 'modified': '2023-01-25T03:06:50Z'}","Selamat malam bapak/Ibu
Saya ingin bertanya
Kenapa saldo di brimo saya tiba tiba kosong ?
Harap berikan info yang jelas bapak/ibu
Terimakasih
#brimo",1,FALSE,Saldo di brimo tiba tiba kosong
163,1/20/2023 16:12,,Mempermudah banget dalam segala hal,5,FALSE,Mempermudah
164,1/20/2023 17:21,"{'id': 34529289, 'body': 'Hai Sobat BRI, mohon maaf atas kendala yang dialami. Untuk tindak lanjutnya silahkan kirimkan detail kendala melalui layanan WhatsApp BRI di nomor 08121214017 atau Email callbri@bri.co.id. Tks~Heru', 'modified': '2023-01-28T07:18:29Z'}",tolong diperbaiki,3,FALSE,kalau tengah malam gabisa transaksi
165,1/20/2023 16:50,"{'id': 34468672, 'body': 'Sobat BRI, mohon maaf atas ketidaknyamanan yang dialami. Apabila masih mengalami kendala, bisa diinformasikan kendala yang dialami melalui  WhatsApp resmi BRI 08121214017 atau Email callbri@bri.co.id. Jika sudah tidak mengalami kendala kami harapkan bintang 5 dari Sobat BRI. Tks~Asri', 'modified': '2023-01-25T03:07:56Z'}",sering eror klo menjelang tengah malam,1,FALSE,eror
166,1/20/2023 16:13,"{'id': 34529583, 'body': 'Hai Sobat BRI, mohon maaf atas kendala yang dialami. Untuk tindak lanjutnya silahkan kirimkan keterangan yang tampil saat transaksi melalui layanan WhatsApp BRI di nomor 08121214017 atau Email callbri@bri.co.id. Tks~Heru', 'modified': '2023-01-28T07:44:24Z'}",kenapa ya gabisa topup shopeepay malem2 sekiat jam 11 malem?,1,FALSE,gak bisa topup shopeepay
167,1/20/2023 10:47,,Appreciated the fast transactions,5,FALSE,Fast app
168,1/20/2023 14:26,"{'id': 34470156, 'body': 'Sobat BRI, mohon maaf atas ketidaknyamanan yang dialami. Guna pengecekan, bisa diinformasikan respon yang diterima berupa gambar melalui WhatsApp resmi BRI 08121214017. Jika sudah tidak mengalami kendala kami harapkan bintang 5 dari Sobat BRI. Tks~Asri', 'modified': '2023-01-25T05:21:26Z'}","Gilak memang, gagal teros verifikasi wajah.. di tempat terang pun masi gagal",2,FALSE,Tolong dipermudah
169,1/20/2023 11:06,"{'id': 34468680, 'body': 'Sobat BRI, mohon maaf atas ketidaknyamanan yang dialami. Guna pengecekan, bisa diinformasikan respon yang diterima berupa gambar melalui WhatsApp resmi BRI 08121214017. Jika sudah tidak mengalami kendala kami harapkan bintang 5 dari Sobat BRI. Tks~Asri', 'modified': '2023-01-25T03:08:31Z'}",Sudah registrasi ke sistem brimo lewat cs tp waktu registrasi lewat brimo nya pas take video error terus udh lebih dari 10x,1,FALSE,Cacat
170,1/20/2023 10:36,,bagus,5,FALSE,bagus
171,1/20/2023 9:26,,Tanpa ribet,5,FALSE,bagus
172,1/20/2023 10:20,"{'id': 34468689, 'body': 'Sobat BRI, mohon maaf atas ketidaknyamanan yang dialami. Untuk kenyamanan dan kemudahan transaksi saat ini bisa melakukan transaksi perbankan dengan menggunakan aplikasi BRImo, seperti tarik tunai tanpa kartu melalui BRImo di mesin ATM BRI, transfer sesama BRI atau Bank lain, pembayaran, pembelian, bertransaksi di Merchant hanya dengan Scan kode QR dan transaksi lainnya. Jika sudah tidak mengalami kendala kami harapkan bintang 5 dari Sobat BRI. Tks~Asri', 'modified': '2023-01-25T03:10:08Z'}",Kenapa ya kbagus sekarang kartu fisik e atm bri simpedes sudah tidak ada lagi? Tolong dong yang belum kebagiannðŸ™ðŸ»,1,FALSE,Kartu fisik bri
173,1/20/2023 9:26,,mantuulll,5,FALSE,mudah
174,1/20/2023 8:30,,baguss dan cepat,5,FALSE,Transaksi
175,1/20/2023 7:40,,Lengkap dan mudah,5,FALSE,Experience
176,1/20/2023 6:45,,Sip,5,FALSE,Mantap
177,1/20/2023 7:22,,ðŸ‘ðŸ‘ðŸ‘,4,FALSE,ðŸ‘ðŸ‘ðŸ‘
178,1/20/2023 6:50,,Puas,4,FALSE,bagusy
179,1/20/2023 4:59,,"Tiap kali mau di perbaharui
Selalu gagal
Akibatnya tidak bisa melakukan pengaduan
Masalah
Melalui aplikasi brimo",5,FALSE,Tidak bisa perbaharui BRIMO
180,1/20/2023 3:04,"{'id': 29039585, 'body': 'Terima kasih atas ulasannya. Semoga aplikasi BRImo semakin mempermudah transaksi Sobat BRI. Tks~Priska', 'modified': '2023-01-20T03:04:42Z'}",bagus,5,TRUE,Mantap
181,1/20/2023 1:55,"{'id': 34529350, 'body': 'Hai Sobat BRI, mohon maaf atas kendala yang dialami. Kami sarankan kirim ulang kode verifikasi kembali beberapa saat ke depan dan pastikan email yang didaftarkan masih aktif digunakan dan untuk pengiriman SMS Link, pastikan pulsa ponsel tersedia minimal Rp1.000,- per SMS. Tks~Heru', 'modified': '2023-01-28T07:22:15Z'}",kenapa saya tidak menerima kode verifikasi email padahal email yg saya masukan sesuai dengan email yang sy gunakan di apk mail???,3,FALSE,kode verifikasi
182,1/20/2023 0:29,"{'id': 34468708, 'body': 'Sobat BRI, mohon maaf atas keterlambatan respon dari kami.Jika mengalami kendala, bisa diinformasikan kendala yang dialami melalui  WhatsApp resmi BRI 08121214017. Apabila sudah tidak mengalami kendala kami harapkan bintang 5 dari Sobat BRI. Tks~Asri', 'modified': '2023-01-25T03:11:32Z'}","Rekening digital, tp sistemnya konvensional masih suruh ke kantor cabang ðŸ™ƒ",1,FALSE,Kecewa
183,1/19/2023 23:04,,Lebih dipermudah,5,FALSE,Mantap
184,1/19/2023 22:28,,Banget Aplikasinya,5,FALSE,Mantap
185,1/19/2023 14:05,,"bagus! keep better ^^ bagus job BRI, i feel everything get easier and easier, salam :)",5,FALSE,Ulasan
186,1/19/2023 19:41,"{'id': 34470146, 'body': 'Sobat BRI, mohon maaf atas ketidaknyamanan yang dialami. Guna pengecekan, bisa diinformasikan respon yang diterima berupa gambar melalui WhatsApp resmi BRI 08121214017. Jika sudah tidak mengalami kendala kami harapkan bintang 5 dari Sobat BRI. Tks~Asri', 'modified': '2023-01-25T05:21:05Z'}",Kenapa saya tidak bisa melakukan pembayaran qris dengan metode bayar kartu kredit?,2,FALSE,"Pembayaran qris dengan kartu kredit,"
187,1/19/2023 11:59,"{'id': 18923078, 'body': 'Selamat Malam Bapak/Ibu. Terima kasih atas kepercayaan Bapak/Ibu  pada produk Bank BRI, sehat dan sukses selalu. Tks~Pras', 'modified': '2023-01-19T11:59:46Z'}",Finally gak pelu nomor tbagusn lagi ðŸ˜Š,5,TRUE,Finally Gk perlu nomor tbagusn lagi ðŸ˜Š
188,1/19/2023 6:29,,baguss,5,FALSE,kereen
189,1/19/2023 5:08,,mantaplh,5,FALSE,brimo terbaik
190,1/19/2023 3:53,,Biar simpel,5,FALSE,Yaps
191,1/18/2023 14:04,,"kenapa yah gabisa masuk? jawabanya keblbagusir udah coba dibenerin sesuai sama prosedur disuruh lupa pasword/lupa username, tapi pesanya linknya ga masuk",5,FALSE,Blbagusir
192,1/18/2023 10:13,,Sangat membantu,5,FALSE,Keren
193,1/18/2023 10:12,,Cepatâ€¦ dapat CS yg humble dan menjelaskan dgn jelas dan menjalankan aplikasinya cekatan trampil cepat dan tepatâ€¦ hebat Clara,5,FALSE,Pelayanan
194,1/18/2023 6:36,,Mantap,5,FALSE,Terbaiklah
195,1/18/2023 9:19,"{'id': 34468719, 'body': 'Sobat BRI, mohon maaf atas ketidaknyamanan yang dialami. Guna pengecekan, bisa diinformasikan respon yang diterima berupa gambar melalui WhatsApp resmi BRI 08121214017. Jika sudah tidak mengalami kendala kami harapkan bintang 5 dari Sobat BRI. Tks~Asri', 'modified': '2023-01-25T03:11:55Z'}","Kenapa sulit sekali, mendaftar lewat aplikasi saya uninstall dan install berkali kali untuk prosesnya ðŸ‘ŽðŸ‘ŽðŸ‘Ž",1,FALSE,Bad apps
196,1/18/2023 4:50,,mantab,5,FALSE,tf
197,1/18/2023 5:11,,"Sangat membantu sekali aplikasinya dan sangat termudahkan!, cuman kalau bisa Tambahin menu buat cetak koran versi digital dong min yg bisa d download, buat evaluasi alur keuangan pribadi, biar bisa lihat dari mana datangnya uang dan kemana tu uang pergi main ma temen2nya.
------ Terima kasih ------",4,FALSE,User need
198,1/18/2023 3:23,,bagus,5,FALSE,bagus
199,1/18/2023 4:32,,Cukup berguna,4,FALSE,bagus
200,1/18/2023 3:11,,The best flawless fast smooth,5,FALSE,Fast
201,1/18/2023 1:46,,Grate BRI,5,FALSE,So proud
202,1/17/2023 21:26,,"mantap kalo lagi waras, asal gak sering error aja",5,FALSE,Brimo mantap
203,1/17/2023 15:52,,Nomero unoo,5,FALSE,Prefecto
204,1/17/2023 14:00,,simpel,5,FALSE,mantap
205,1/17/2023 10:08,,Mantap,5,FALSE,Mantap
206,1/17/2023 13:00,"{'id': 34468725, 'body': 'Sobat BRI, mohon maaf atas ketidaknyamanan yang dialami. Guna pengecekan, bisa diinformasikan respon yang diterima berupa gambar melalui WhatsApp resmi BRI 08121214017. Jika sudah tidak mengalami kendala kami harapkan bintang 5 dari Sobat BRI. Tks~Asri', 'modified': '2023-01-25T03:12:18Z'}","Semenjak update IOS tidak bisa login face id & login biasa. Lupa pass/username tidak terdaftar. Sangat merugikan sangat mengecewakan pakai aplikasi mobile banking bank yg ""katanya canggih""",1,FALSE,Tidak bisa login
207,1/17/2023 7:30,,"Mantap,,, mudah di akses fiturnya",5,FALSE,BRI SEMAKIN MAJU
208,1/17/2023 8:47,"{'id': 34529368, 'body': 'Terima kasih atas ulasannya. Cek saldo dan Top Up BRIZZI bisa dilakukan tanpa Login BRImo dan pastikan ponsel yang digunakan sudah memiliki fitur NFC. Tks~Heru', 'modified': '2023-01-28T07:24:56Z'}",Lebih mudah pakai brizzi yang dulu karena bisa cek saldo dan aktivasi saldo brizzi tanpa login. Sekarang untuk menggunakan fitur tersebut wajib login terlebih dahulu.,3,FALSE,Tolong Hiangkan Fitur Login Untuk Brizzi
209,1/17/2023 8:42,"{'id': 34468736, 'body': 'Sobat BRI, guna pengecekan, bisa diinformasikan respon yang diterima berupa gambar melalui WhatsApp resmi BRI 08121214017. Jika sudah tidak mengalami kendala kami harapkan bintang 5 dari Sobat BRI. Tks~Asri', 'modified': '2023-01-25T03:13:35Z'}",Aplikasi macam kntolllll susah bgt login tolol,1,FALSE,Bad
210,1/17/2023 5:31,,Keren,5,FALSE,bagus
211,1/17/2023 5:11,,bagus,5,FALSE,bagus
212,1/17/2023 4:54,,Mantap,5,FALSE,Mantap
213,1/17/2023 3:35,,mantap,5,FALSE,sip
214,1/16/2023 18:31,,"Memudah ngak ribet,membantu sekali klo misal lupa bawa kartu atm",5,FALSE,Membantu sekali
215,1/16/2023 13:56,,cepat,5,FALSE,cepat
216,1/16/2023 7:33,,Mempermudah dalam transaksi cashless,5,FALSE,Keren
217,1/16/2023 11:58,"{'id': 34468741, 'body': 'Sobat BRI, guna pengecekan, bisa diinformasikan respon yang diterima berupa gambar melalui WhatsApp resmi BRI 08121214017. Jika sudah tidak mengalami kendala kami harapkan bintang 5 dari Sobat BRI. Tks~Asri\r\n', 'modified': '2023-01-25T03:14:04Z'}","App payah, tidak bisa menambah rek! Lgsg freeze! Sudah diulang berkali kali juga tidak bisa menambah rek! Artinya tidak bisa dipakai, app gak bermanfaat sama sekali",1,FALSE,Freeze
218,1/16/2023 7:04,,Wichecka,5,FALSE,Wichecka
219,1/16/2023 0:38,,Maju terus BRI,5,FALSE,Keren
220,1/15/2023 23:08,,Terbaik bank bri,5,FALSE,Banyak manfaat
221,1/15/2023 15:08,,bagus,5,FALSE,Brimo
222,1/15/2023 17:51,"{'id': 34468744, 'body': 'Sobat BRI, guna pengecekan, bisa diinformasikan respon yang diterima berupa gambar melalui WhatsApp resmi BRI 08121214017. Jika sudah tidak mengalami kendala kami harapkan bintang 5 dari Sobat BRI. Tks~Asri', 'modified': '2023-01-25T03:14:25Z'}","E kyc Gagal mulu, udah berkali-kali nyoba tetep gabisa",1,FALSE,Perkara registrasi gagal mulu
223,1/15/2023 13:08,,Semoga bank sumsel babel bisa semaju BRI,5,FALSE,mantap
224,1/15/2023 7:51,,bagus,5,FALSE,Baik banget
225,1/15/2023 6:06,,Sangat puas pelayanannya,5,FALSE,Sangat bermanfaat
226,1/15/2023 5:52,,Mantap,5,FALSE,Bri
227,1/15/2023 5:46,,Matep,5,FALSE,overlovv
228,1/15/2023 2:01,,Memudahkn,5,FALSE,Mantap sekali
229,1/15/2023 1:06,,lumayan,5,FALSE,apps
230,1/14/2023 23:44,,bagus mantap,5,FALSE,bagus mantap
231,1/14/2023 13:57,,Sangat membantu,5,FALSE,Bri mo
232,1/14/2023 5:31,,Sangat membantu,5,FALSE,Mantap
233,1/14/2023 12:34,"{'id': 34529384, 'body': 'Hai Sobat BRI, mohon maaf atas kendala yang dialami. Untuk tindak lanjutnya silahkan kirimkan keterangan yang tampil melalui layanan WhatsApp BRI di nomor 08121214017 atau Email callbri@bri.co.id. Tks~Heru', 'modified': '2023-01-28T07:26:22Z'}",belum transaksi tiba tiba limit,3,FALSE,kurang puas
234,1/14/2023 7:33,"{'id': 34529400, 'body': 'Hai Sobat BRI, mohon maaf atas kendala yang dialami. Jika sudah terdaftar pada akun BRImo maka tidak perlu pendaftaran kembali. Silakan Login BRImo menggunakan User ID dan Password yang dimiliki. Tks~Heru', 'modified': '2023-01-28T07:28:08Z'}",Saya sudah tertulis terdafatar di Brimo tapi pas daftar malah ga bisa,3,FALSE,Pengaktivan brimo
235,1/14/2023 7:10,"{'id': 34308416, 'body': 'Hai Sobat BRI, mohon maaf atas kendala yang dialami. Untuk tindak lanjutnya silakan kirimkan respon yang diterima dalam bentuk gambar melalui Email callbri@bri.co.id. Jika sudah tidak mengalami kendala kami harapkan bintang 5 dari Sobat BRI. Tks~Ulfa', 'modified': '2023-01-16T10:30:59Z'}","Waktu registrasi bagian perekaman video selalu dapat response Error 111 signature invalid, padahal sudah mengikuti semua petunjuknya",1,FALSE,Registrasi invalid
236,1/14/2023 6:34,,Lumayan,4,FALSE,A
237,1/14/2023 5:58,"{'id': 34308378, 'body': 'Hai Sobat BRI, mohon maaf atas kendala yang dialami. Guna pengecekan, silakan kirimkan respon yang diterima dalam bentuk gambar melalui Email callbri@bri.co.id. Jika sudah tidak mengalami kendala kami harapkan bintang 5 dari Sobat BRI. Tks~Ulfa', 'modified': '2023-01-16T10:29:39Z'}","Untuk verifikasi selalu gagal, knpa mesti gagal sih? Katanya mempermudah nasabah. Disediakan vitur  e-kyc malah di tolak terus, mana unistal instal terus lagi buat bisa login. Payah",1,FALSE,Payahhhhh
238,1/14/2023 4:54,,Akses gampang,5,FALSE,Mudah tf
239,1/14/2023 4:30,,Cepat mudah dan praktis,5,FALSE,Tbagusn listrik
240,1/14/2023 1:27,,Mantaf,5,FALSE,Simple dan mudah
241,1/14/2023 3:31,"{'id': 34308370, 'body': 'Hai Sobat BRI, saat ini aplikasi BRImo dalam keadaan normal. Apabila masih mengalami kendala silakan kirimkan detail kendala melalui Email callbri@bri.co.id. Jika sudah tidak mengalami kendala kami harapkan bintang 5 dari Sobat BRI. Tks~Ulfa', 'modified': '2023-01-16T10:29:26Z'}",perbaikan terus,1,FALSE,tidak bisa aplikasinya
242,1/14/2023 0:59,,The best apk,5,FALSE,Brimo
243,1/13/2023 23:10,,sangat praktis,5,FALSE,TOP
244,1/13/2023 16:36,,Mudah di gunakan ðŸ‘ðŸ»,5,FALSE,BRImo
245,1/13/2023 13:36,,Joss..,5,FALSE,Puas
246,1/13/2023 16:12,,bagus membantu,4,FALSE,bagus
247,1/13/2023 12:08,,Sangat membantu dalam transaksi,5,FALSE,Puas
248,1/13/2023 10:27,,Nyataaa,5,FALSE,Nyataaa
249,1/13/2023 9:52,,qwjah,5,FALSE,Anjay
250,1/13/2023 9:57,"{'id': 34308329, 'body': 'Terima kasih atas ulasannya. Hal ini menjadi masukan bagi kami untuk pengembangan aplikasi BRImo demi kemudahan dan kenyamanan Nasabah. Tks~Ulfa', 'modified': '2023-01-16T10:28:32Z'}",Tolong peningkatannya,1,FALSE,Aplikasi cacat transfer uang gagalâ€ trus
251,1/13/2023 8:47,,Top,5,FALSE,Top
252,1/13/2023 4:25,,mantap,5,FALSE,bagus
253,1/13/2023 5:25,"{'id': 34308286, 'body': 'Hai Sobat BRI, guna tindak lanjut, silakan menghubungi Contact BRI 14017/1500017 untuk pembuatan laporan. Jika sudah tidak mengalami kendala kami harapkan bintang 5 dari Sobat BRI. Tks~Ulfa', 'modified': '2023-01-16T10:27:22Z'}","dapat notifikasi bisa gunakan qr di BRIMO dan sekalian bisa lihat CC BRI di Brimo.

pas cek di app, ngk bisa. infonya belum tersediaðŸ˜Œ",1,FALSE,Info Account
254,1/13/2023 3:31,,bagus,5,FALSE,bagus
255,1/12/2023 16:05,,ðŸ¥°ðŸ¥°,5,FALSE,Alhamdulilah sangat membantu sekali
256,1/13/2023 1:34,"{'id': 34308243, 'body': 'Hai Sobat BRI, untuk pembuatan laporan, Sobat BRI juga dapat mengirim pesan melalui Internet Banking versi Browser, menghubungi Contact BRI 14017/1500 017 atau mengunjungi kantor BRI terdekat. Jika sudah tidak mengalami kendala kami harapkan bintang 5 dari Sobat BRI. Tks~Ulfa', 'modified': '2023-01-16T10:26:21Z'}",Aplikasi tidak menyediakan menu pengaduan untuk transaksi yang diinisiasi oleh bank misalnya pemotongan berkali yang dilakukan oleh bank. Hanya ada pengaduan transaksi yang diinisiasi oleh pengguna.,1,FALSE,Menu pengaduan terbatas
257,1/12/2023 13:36,,Bebas admin sesama BRIðŸ‘,5,FALSE,Transaksi tf cepat
258,1/12/2023 15:36,"{'id': 34529402, 'body': 'Hai Sobat BRI, mohon maaf atas kendala yang dialami. Untuk tindak lanjutnya silahkan kirimkan keterangan yang tampil melalui layanan WhatsApp BRI di nomor 08121214017 atau Email callbri@bri.co.id. Tks~Heru', 'modified': '2023-01-28T07:28:24Z'}",Tidak bisa aktifkan bripoin,3,FALSE,Yha25
259,1/12/2023 13:36,,mantap,5,FALSE,mantap
260,1/12/2023 10:05,,Memudahkan agar tidak bulak balik ke bank,5,FALSE,Mantap
261,1/12/2023 7:11,,Terbaik,5,FALSE,Brimo
262,1/12/2023 5:54,"{'id': 34529414, 'body': 'Terima kasih atas ulasannya. Hal ini menjadi masukan bagi kami untuk pengembangan aplikasi BRImo demi kemudahan dan kenyamanan Nasabah. Apabila Sobat BRI dapat menggunakan BRImo dengan lancar, kami tunggu bintang 5 dari Sobat BRI. Tks~Heru', 'modified': '2023-01-28T07:29:19Z'}",Aplikasi untuk pembayaran diperbanyak biar mau bayar listrik dll cuma lwt brimo,3,FALSE,Untuk waktu diperpanjang
263,1/12/2023 4:35,,bagus n simple bank app.,5,FALSE,H. Hidayat
264,1/12/2023 5:26,"{'id': 34307870, 'body': 'Hai Sobat BRI, mohon maaf atas kendala yang dialami. Guna pengecekan, silakan kirimkan respon yang diterima dalam bentuk gambar melalui Email callbri@bri.co.id. Jika sudah tidak mengalami kendala kami harapkan bintang 5 dari Sobat BRI. Tks~Ulfa', 'modified': '2023-01-16T10:18:01Z'}","Eror terus, Tolong tingkatkan lg ya, masa mau trf dan cek saldo doang harus ke atm.",1,FALSE,Aplikasi eror
265,1/12/2023 4:26,,easy to do,5,FALSE,bagus app
266,1/12/2023 1:37,,bagus UI and function,5,FALSE,Fast response
267,1/12/2023 3:43,"{'id': 34529537, 'body': 'Hai Sobat BRI, mohon maaf atas kendala yang dialami. Untuk tindak lanjutnya silahkan kirimkan keterangan yang tampil melalui layanan WhatsApp BRI di nomor 08121214017 atau Email callbri@bri.co.id. Tks~Heru', 'modified': '2023-01-28T07:40:02Z'}",Pembayaran ceria di perbaiki masih ngebugs & tidak bisa bayar,3,FALSE,BRi ceria
268,1/12/2023 2:12,"{'id': 34529449, 'body': 'Terima kasih atas ulasannya. Sobat BRI dapat melakukan pengatuan suara aplikasi pada ponsel yang digunakan. Tks~Heru', 'modified': '2023-01-28T07:32:26Z'}",Tolong dihilangkan suara â€˜brimoâ€™ ketika selesai transaksi,3,FALSE,Notif suara â€˜Brimoâ€™
269,1/11/2023 16:39,,Aplikasi yang sangat membantu kebutuhan,5,FALSE,Sangant membantu
270,1/11/2023 13:24,,"Aplikasi bagus, tapi mohon di cek pegawai CS nya , ada beberapa kurang ramah dan kinerja lambat",5,FALSE,Apk bagus pekerja minus
271,1/11/2023 12:34,,Pelayanan lebih enak dan gampang mudah di akses dimana saja,5,FALSE,Puas
272,1/11/2023 11:11,,Tenks,5,FALSE,Trimakasih sudah memudahkan transaksi z di bank
273,1/11/2023 10:52,,Sangat membantu jika malas keluar,5,FALSE,Mempermudah
274,1/11/2023 9:46,,Bestttttt,5,FALSE,Besztt
275,1/11/2023 8:59,,Mantap,5,FALSE,Mantap
276,1/11/2023 8:12,,Memudahkan semua transaksi,5,FALSE,Mantap
277,1/11/2023 4:35,,bagus dan sangat mudah sekali,5,FALSE,Yhm
278,1/11/2023 7:04,,"aplikasi nya kadang suka aneh, kita harus melakukan dua kali proses karna proses yang pertama pasti selalu gagal.",4,FALSE,complain
279,1/11/2023 4:06,,mantap,5,FALSE,brill
280,1/11/2023 3:45,,Yang terbaru bikin nyaman dan menarik,5,FALSE,Nyaman
281,1/11/2023 3:38,,Sampai saat ini brimo keren,5,FALSE,Brimo
282,1/11/2023 1:32,,Perkembangan BRI mobile semakin baik dan inovatif,5,FALSE,Transformasi yg Baik
283,1/11/2023 0:54,,ðŸ‘Œ,5,FALSE,bagus apps
284,1/11/2023 1:25,,Sangat mempermudah dan cepat,4,FALSE,Very bagus
285,1/11/2023 1:19,"{'id': 34267655, 'body': 'Hai Sobat BRI, silakan aktivasi BRImo yang terblbagusir melalui Website https://ib.bri.co.id atau melalui aplikasi BRImo dengan memilih menu Lupa Password masukkan Username, Tanggal Lahir> Masukkan 4 digit akhir nomor ponsel yang terdaftar BRImo. Jika sudah tidak mengalami kendala kami harapkan bintang 5 dari Sobat BRI. Tks~Satria\r', 'modified': '2023-01-13T10:39:29Z'}",Sangat mengecewakan fitur lupa pasword tdk bisa di gunakan kasian kami yg jaraknya jauh dari kota harus ke kota lg buat membuka blbagusir akun,1,FALSE,Fitur lupa paswordnya tdk berguna
286,1/10/2023 23:44,,bagus apps,5,FALSE,that
287,1/10/2023 23:59,"{'id': 34267618, 'body': 'Hai Sobat BRI, mohon maaf atas kendala yang dialami. Guna pengecekan, silakan kirimkan respon yang tampil dalam bentuk gambar melalui WhatsApp resmi BRI 08121214017 atau Email callbri@bri.co.id. Jika sudah tidak mengalami kendala kami harapkan bintang 5 dari Sobat BRI. Tks~Satria\r', 'modified': '2023-01-13T10:37:54Z'}","Kemarin dapat ""Error 111: The data couldn't be read because it isn't in the correct format"", sekarang dapat ""Error 111: signature not valid"" pada saat memproses rekaman untuk verifikasi diri",1,FALSE,BRImo error 111
288,1/10/2023 13:50,,Mantappp sejahtera dan aman sentosa pke brimo,5,FALSE,Brimo
289,1/10/2023 5:33,,mantap,5,FALSE,bri
290,1/10/2023 7:51,"{'id': 34238543, 'body': 'Hai Sobat BRI, mohon maaf atas kendala yang dialami. Untuk tindak lanjutnya, silakan kirimkan detail kendala melalui WhatsApp 08121214017 atau Email callbri@bri.co.id. Jika sudah tidak mengalami kendala kami harapkan bintang 5 dari Sobat BRI. Tks~Priska', 'modified': '2023-01-12T04:59:39Z'}","Sudah update tp Pembayaran qris menggunakan kartu kredit masih blm juga bisa, tah kenapa padahal bank terbesar ....",1,FALSE,Kartu kredit
291,1/10/2023 7:43,"{'id': 34238415, 'body': 'Hai Sobat BRI, mohon maaf atas kendala yang dialami. Untuk tindak lanjutnya, silakan kirimkan detail kendala melalui WhatsApp 08121214017 atau Email callbri@bri.co.id. Jika sudah tidak mengalami kendala kami harapkan bintang 5 dari Sobat BRI. Tks~Priska', 'modified': '2023-01-12T04:48:15Z'}",Apk goblbagus sistem sampah daftar dicoba berkali2 ttp gabisa ajg duit banyak cuma buat apk kaya sampah gini jgn cuma pgn untung aja,1,FALSE,DAFTAR GAK BISA BISA
292,1/10/2023 4:50,,Pmbyrn jd mudah,5,FALSE,Kemudahan
293,1/10/2023 4:25,,Semua jd mudah pakai bri mo,5,FALSE,Mantappp
294,1/10/2023 4:39,"{'id': 34238416, 'body': 'Hai Sobat BRI, mohon maaf atas kendala yang dialami. Untuk tindak lanjutnya, silakan kirimkan detail kendala melalui WhatsApp 08121214017 atau Email callbri@bri.co.id. Jika sudah tidak mengalami kendala kami harapkan bintang 5 dari Sobat BRI. Tks~Priska', 'modified': '2023-01-12T04:48:21Z'}","kenapa ribet banget di proses rekaman video, coba didiskusikan dengan privyID buat upgrade AI verifikasi via rekaman videonya",1,FALSE,e-KYC BURUK
295,1/10/2023 3:40,,Mantap,5,FALSE,Mantap
296,1/10/2023 3:31,,Kere,5,FALSE,mempermudah transaksi..Thank you
297,1/10/2023 2:52,,"Simpel dan mempermudah, Terutama yang sering kegilangan kartu ATM ðŸ˜",5,FALSE,Simpel
298,1/10/2023 2:15,,Easy to use,5,FALSE,bagus application
299,1/10/2023 2:22,,bagus,4,FALSE,bagus dan cepat
300,1/10/2023 0:01,"{'id': 31542707, 'body': 'Terima kasih atas ulasannya. Semoga aplikasi BRImo semakin mempermudah transaksi Sobat BRI. Tks~Yuka', 'modified': '2023-01-10T00:01:24Z'}",Sangat membantu dalam bertransaksi,5,TRUE,Mantap
301,1/10/2023 2:03,"{'id': 34238418, 'body': 'Hai Sobat BRI, mohon maaf atas kendala yang dialami. Untuk tindak lanjutnya, silakan kirimkan detail kendala melalui WhatsApp 08121214017 atau Email callbri@bri.co.id. Jika sudah tidak mengalami kendala kami harapkan bintang 5 dari Sobat BRI. Tks~Priska', 'modified': '2023-01-12T04:48:27Z'}",Error 111 pas ambil video. Perasaan BUMN budget gede buat bikin aplikasi masa kalah sama PiNjol.. malu bosss,1,FALSE,Badan Usaha Menyusahkan Negara
302,1/9/2023 23:08,,Pelayanan cepat dan mantap.,5,FALSE,Mantap
303,1/9/2023 22:31,,Memudahkan dalam transaksi,5,FALSE,Brimo
304,1/9/2023 16:12,,Top,5,FALSE,bagus
305,1/9/2023 16:10,"{'id': 29168430, 'body': 'Hai Sobat BRI, terima kasih atas ulasannya. Semoga aplikasi BRImo semakin mempermudah transaksi Sobat BRI. Tks~Satria', 'modified': '2023-01-09T16:10:30Z'}",Transaksi lebih cepat,5,TRUE,BRIMO
306,1/9/2023 15:10,,gatau ngerasa design yg lama lebih simpe dan minimalis aja,5,FALSE,ui design
307,1/9/2023 14:49,,bagus,5,FALSE,Brimo
308,1/9/2023 12:13,,"Tidak ribet, cocbagus buat generasi mager",5,FALSE,Mudah sekali
309,1/9/2023 10:40,"{'id': 27322797, 'body': 'Sobat BRI, mohon maaf atas kendala yang dialami. Untuk tindak lanjutnya silahkan kirimkan detail kendala melalui email callbri@bri.co.id. Tks~Heru', 'modified': '2023-01-09T10:40:45Z'}",saya mau bayaran via briva di brimo. tapi selalu gagal proses dengan notif error gp81. ios 14.2.1 dan koneksi internet baik,5,TRUE,pengaduan
310,1/9/2023 9:14,,Bisa trasfer dengan biaya yg murah,5,FALSE,Senang
311,1/9/2023 9:17,,"Tambahin filtur topup untuk m.tix yang buat sakuku itu, mau beli tiket online jadi susahhðŸ˜–ðŸ˜–
Semogaa cept ditambahin",4,FALSE,Tambah filtur topup buat m.tix dong
312,1/9/2023 4:22,,Comportable app,5,FALSE,bagus
313,1/9/2023 8:45,"{'id': 34238501, 'body': 'Hai Sobat BRI, terima kasih atas saran yang diberikan. Hal ini menjadi masukan bagi kami untuk pengembangan aplikasi BRImo demi kemudahan dan kenyamanan nasabah. Pastikan untuk terus memperbarui aplikasi untuk kemudahan dalam bertransaksi. Tks~Priska', 'modified': '2023-01-12T04:57:13Z'}","Tolong diupdate applikasi bya untuk bsa update saldo tanpa harus login untuk kartu uang elektronik Brizzi, e money mandiri dan flazz bca aja sudah",2,FALSE,Update kartu Brizzi tanpa harus login
314,1/9/2023 3:43,,bagus,5,FALSE,bagus
315,1/9/2023 4:19,,Baik,4,FALSE,Baik
316,1/9/2023 3:35,,bagus,5,FALSE,BRImo
317,1/9/2023 3:09,,bagus keren,5,FALSE,Keren
318,1/9/2023 0:55,,Banget,5,FALSE,Sukaaaaaaa
319,1/9/2023 2:38,,"Aplikasi nya bagus, selama ini lancar lancar saja. Semoga bisa makin baik dan bagus",4,FALSE,BRImo
320,1/8/2023 23:43,,Transaksi lancar urusan jadi mudah ðŸ˜‡ðŸ‘,5,FALSE,Lancar
321,1/8/2023 17:56,,Mantap kali,5,FALSE,Brimo
322,1/8/2023 19:51,,Penarikan 50 ribu gak ada jadi saya kasih bintang 4 aja,4,FALSE,-
323,1/8/2023 14:36,,Sangat baik,5,FALSE,Comment
324,1/8/2023 14:33,,Joss,5,FALSE,Mantap
325,1/8/2023 13:07,,Tingkatkan lagi,5,FALSE,Brimo
326,1/8/2023 12:33,,Praktis mudah digunakan,5,FALSE,BriMo kelaz
327,1/8/2023 12:18,,Top up kaga ada admin deh mantep,5,FALSE,bagus
328,1/8/2023 11:11,,Mantap lah,5,FALSE,Lebih gampang mau tf ayang wkwk
329,1/8/2023 9:37,,Saya sulit untuk mendaftarkan karna gagal di bagian video,5,FALSE,Bermasalah dengan video
330,1/8/2023 8:07,,Mudah2an semakin dipermudah,5,FALSE,bagus
331,1/8/2023 3:25,,Tetap seperti ini,5,FALSE,Sangan membantu dan tidak mempersulit login pindah akun
332,1/8/2023 6:30,"{'id': 34238503, 'body': 'Hai Sobat BRI, mohon maaf atas kendala yang dialami. Untuk tindak lanjutnya, silakan kirimkan detail kendala melalui WhatsApp 08121214017 atau Email callbri@bri.co.id. Jika sudah tidak mengalami kendala kami harapkan bintang 5 dari Sobat BRI. Tks~Priska', 'modified': '2023-01-12T04:57:18Z'}","Saat pengambilan video untuk membuat akun, keterangannya selalu error. Tolong segera diperbaiki",2,FALSE,Gagal verifikasi
333,1/8/2023 1:07,,ðŸ‘,5,FALSE,Normailham07
334,1/7/2023 16:36,,Mudah cepat,5,FALSE,Brimo bagus
335,1/7/2023 14:46,"{'id': 28840374, 'body': 'Hai Sobat BRI, terima kasih telah menggunakan BRImo, mari jadikan transaksi harian Anda lebih mudah dan sederhana. Tks~Bevi', 'modified': '2023-01-07T14:46:27Z'}",bagus,5,TRUE,bagus
336,1/7/2023 12:53,,Sangat cepat,5,FALSE,Mantap
337,1/7/2023 13:07,,Agak memudah kan,4,FALSE,bagus
338,1/7/2023 12:41,,sip.. hanya utk catatan kurang banyak,5,FALSE,Brimo
339,1/7/2023 9:12,,bagus apps,5,FALSE,Rate
340,1/7/2023 11:28,"{'id': 34238420, 'body': 'Hai Sobat BRI, mohon maaf atas kendala yang dialami. Untuk tindak lanjutnya, silakan kirimkan detail kendala melalui WhatsApp 08121214017 atau Email callbri@bri.co.id. Jika sudah tidak mengalami kendala kami harapkan bintang 5 dari Sobat BRI. Tks~Priska', 'modified': '2023-01-12T04:48:36Z'}","Tolong dong kak jaga baik aplikasi ini,soalnya saya kena tipu mengatas namakan pihak dari bri dan di suruh mingirim kode otpðŸ™tolih di perketat lagi penjagaannya kak",1,FALSE,Kena tipu
341,1/7/2023 8:25,,"Transaksi cepat, kereeen",5,FALSE,Transfer
342,1/7/2023 2:56,,Terbaikk jadi gampang kalo mau TF atau pembayaran sukaaa gampang aman the besttt dehðŸ˜­,5,FALSE,Love
343,1/6/2023 22:55,,Fitur bagus dan Lengkap,5,FALSE,BRImo Keren
344,1/6/2023 13:35,,Simple cepat,5,FALSE,Brimo
345,1/6/2023 13:11,,"Belum ketemu masalah sih, gatau kalo dah lama",5,FALSE,bagus
346,1/6/2023 12:21,,Praktis,5,FALSE,Mudah
347,1/6/2023 12:28,"{'id': 34149893, 'body': 'Hai Sobat BRI, kami informasikan ketika melakukan verifikasi wajah mohon dipastikan kualitas video baik, seperti tidak terlalu terang, tidak membelakangi cahaya, tidak terlalu gelap, tidak terdapat lebih dari satu objek wajah atau tidak terdapat benda yang menutupi wajah. Jika sudah berhasil kami harapkan bintang 5 dari Sobat BRI. Tks~Dio\r\n', 'modified': '2023-01-08T07:30:55Z'}",Gak bisa bikin akun pas rekam video bilang nya formatnya gak kebaca â€¦. Kan goblbagus ehhhh,1,FALSE,Bikin akun
348,1/6/2023 11:10,,Mempermudah segala urusan Pembayaran dan Bisnis,5,FALSE,bagus Sekali
349,1/6/2023 8:48,,Sangat baik,5,FALSE,Kemudahan
350,1/6/2023 3:31,,Gxtx,5,FALSE,Cshdm
351,1/6/2023 3:03,,Knpa saya saat akan registrasi dengan mengambil video tidak bisa? Terdapat tulisan signature not valid padahal saya sudah mengikuti arahan dari aplikasi. Mohon bantuannyaðŸ™,5,FALSE,Gabisa daftar
352,1/6/2023 1:42,,"mudah digunakan, tingkatkan terus aplikasinya ya",5,FALSE,praktis
353,1/6/2023 2:14,"{'id': 34149996, 'body': 'Hai Sobat BRI, kami informasikan ketika melakukan verifikasi wajah mohon dipastikan kualitas video baik, seperti tidak terlalu terang, tidak membelakangi cahaya, tidak terlalu gelap, tidak terdapat lebih dari satu objek wajah atau tidak terdapat benda yang menutupi wajah. Jika masih mengalami kendala, silakan kirimkan detail kendala melalui WhatsApp 08121214017 atau Email callbri@bri.co.id. Apabila sudah berhasil kami harapkan bintang 5 dari Sobat BRI. Tks~Dio', 'modified': '2023-01-08T07:55:50Z'}",Kenapa saya verifikasi wajah gagal terus padahal udah isi 50K,3,FALSE,Gagal terus
354,1/6/2023 1:48,"{'id': 34149994, 'body': 'Hai Sobat BRI, mohon maaf atas kendala yang dialami. Saat ini aplikasi BRImo dalam keadaan normal. Kami sampaikan Notifikasi transaksi otomatis akan diterima pada saat transaksi sudah terkonfirmasi. Apabila mengalami kendala, silakan kirimkan detail kendala melalui Email callbri@bri.co.id. Jika sudah tidak mengalami kendala kami harapkan bintang 5 dari Sobat BRI. Tks~Dio', 'modified': '2023-01-08T07:55:30Z'}","Mohon transaksi Qris ,notif transaksi masuk  jangan menunggu 24jam baru ada notif nya,,",3,FALSE,Qris
355,1/5/2023 23:50,,Semoga berinovasi lebih baik lagi,5,FALSE,Mantap
356,1/6/2023 1:06,"{'id': 34149890, 'body': 'Hai Sobat BRI, mohon maaf atas ketidaknyamannya. Kami sampaikan untuk Update saldo BRIZZI masih dapat dilakukan tanpa Login pada aplikasi BRImo selama ponsel yang digunakan tersedia fasilitas NFC. Jika masih mengalami kendala. silakan kirimkan detail kendala melalui WhatsApp 08121214017 atau Email callbri@bri.co.id. Jika sudah tidak mengalami kendala kami harapkan bintang 5 dari Sobat BRI. Tks~Dio\r\n', 'modified': '2023-01-08T07:30:20Z'}",Kmaren2 bisa cek n update saldo brizzi tanpa  mesti buka akun BRI. Skarang jadi gak bisa cek n update saldo brizzi diarahkan buka akun BRI. Abis ini fix buang kartu brizzi,1,FALSE,Cek saldo brizzi jadi ribet
357,1/5/2023 14:19,,Sangat membantu & mempermudah traksaksi,5,FALSE,Luar biasa
358,1/5/2023 18:08,"{'id': 34149970, 'body': 'Hai Sobat BRI, mohon maaf atas ketidaknyamanannya. Guna tindak lanjut, silakan kirimkan detail kendala melalui Email callbri@bri.co.id. Jika sudah tidak mengalami kendala kami harapkan bintang 5 dari Sobat BRI. Tks~Dio\r\n', 'modified': '2023-01-08T07:45:41Z'}","Saya ingin melakukan pembayaran,tetapi tidak bisa melalui akun ceria,selalu saja keterangan gangguan,sampaj saya di tlp operator karna terlambat bayar. Sedangkan sudah autodebet tapi kenapa belum juga dipotong?lalu harus bagaimana cara saya membayar cicilan ceria??Dan mengetahui nomor briva ceria?? Susah sekali,padahal saya tidak ingin ada keterlambatan dalam membayar,perbaiki cepat CERIA nya.",2,FALSE,CERIA BERMASALAH
359,1/5/2023 13:46,,Mntap,5,FALSE,P
360,1/5/2023 13:33,,Jdjbbd,5,FALSE,Jdjb
361,1/5/2023 11:58,,Sangat baik,5,FALSE,BRImo
362,1/5/2023 12:51,"{'id': 34149867, 'body': 'Hai Sobat BRI, mohon maaf atas kendala yang dialami. Saat ini aplikasi BRImo dalam keadaan normal. Silakan mengulangi kembali pastikan jaringan internet yang digunakan dalam keadaan stabil. Jika masih mengalami kendala guna pengecekan, silakan kirimkan detail kendala melalui Email callbri@bri.co.id. Apabila sudah tidak mengalami kendala kami harapkan bintang 5 dari Sobat BRI. Tks~Dio', 'modified': '2023-01-08T07:25:57Z'}","Banyak tahap dan selalu gangguan, jadi ndak berhasil terus untuk buat akun",1,FALSE,Ribet
363,1/5/2023 11:39,,Brimo simple dan cepat untuk transaksi bagi semua,5,FALSE,Brimo
364,1/5/2023 10:43,,Ya bagus,5,FALSE,Sip bagus
365,1/5/2023 8:52,,Pelayanan yang sangat bagus,5,FALSE,Juna
366,1/5/2023 10:09,"{'id': 34149992, 'body': 'Hai Sobat BRI, kami informasikan ketika melakukan verifikasi wajah mohon dipastikan kualitas video baik, seperti tidak terlalu terang, tidak membelakangi cahaya, tidak terlalu gelap, tidak terdapat lebih dari satu objek wajah atau tidak terdapat benda yang menutupi wajah. Jika masih mengalami kendala, silakan kirimkan detail kendala melalui WhatsApp 08121214017 atau Email callbri@bri.co.id. Apabila sudah berhasil kami harapkan bintang 5 dari Sobat BRI. Tks~Dio', 'modified': '2023-01-08T07:54:17Z'}",Kenapa pada saat verifikasi perekaman selalu gagal ya,3,FALSE,Verifikasi perekaman
367,1/5/2023 7:54,,bagus,5,FALSE,bagus
368,1/5/2023 8:25,"{'id': 34149865, 'body': 'Hai Sobat BRI, mohon maaf atas kendala yang dialami. Saat ini aplikasi BRImo dalam keadaan normal. Silakan mengulangi kembali pastikan jaringan internet yang digunakan dalam keadaan stabil. Jika masih mengalami kendala guna pengecekan, silakan kirimkan detail kendala melalui Email callbri@bri.co.id. Apabila sudah tidak mengalami kendala kami harapkan bintang 5 dari Sobat BRI. Tks~Dio', 'modified': '2023-01-08T07:25:43Z'}",knp gangguan terus hp nyaaaaaaa,1,FALSE,gangguan
369,1/5/2023 7:42,"{'id': 30591982, 'body': 'Sobat BRI, agar kami dapat melakukan pengecekan dan tindak lanjut, mohon kirimkan gambar dari tampilan yang diterima melalui Whatsapp 0812 12 14017 atau email callbri@bri.co.id. Tks~Diva', 'modified': '2023-01-05T07:42:26Z'}",mohon ditambahkan fitur download mutasi bulanan,5,TRUE,download mutasi
370,1/5/2023 7:27,,well its really easy to use,5,FALSE,bagus
371,1/5/2023 7:04,,bagus..nuhuun,5,FALSE,Brimo
372,1/5/2023 6:17,,bagus,5,FALSE,Sippp
373,1/5/2023 6:29,"{'id': 34149863, 'body': 'Hai Sobat BRI, mohon maaf atas kendala yang dialami. Saat ini aplikasi BRImo dalam keadaan normal. Apabila mengalami kendala, silakan kirimkan detail kendala melalui Email callbri@bri.co.id. Jika sudah tidak mengalami kendala kami harapkan bintang 5 dari Sobat BRI. Tks~Dio', 'modified': '2023-01-08T07:25:29Z'}",Sudah berulang kali mencoba tetap tidak bisa tolong di bantu,1,FALSE,Perekaman video 8 detik gagal terus
374,1/5/2023 5:32,,Sangat membantu,5,FALSE,Sangat membantu
375,1/5/2023 5:55,"{'id': 34149862, 'body': 'Hai Sobat BRI, mohon maaf atas kendala yang dialami. Saat ini aplikasi BRImo dalam keadaan normal. Silakan mengulangi kembali pastikan jaringan internet yang digunakan dalam keadaan stabil. Jika masih mengalami kendala guna pengecekan, silakan kirimkan detail kendala melalui Email callbri@bri.co.id. Apabila sudah tidak mengalami kendala kami harapkan bintang 5 dari Sobat BRI. Tks~Dio', 'modified': '2023-01-08T07:25:10Z'}",Susah bgt mau login doang,1,FALSE,Lambat
376,1/5/2023 4:16,,Brimo update setiap tahun,5,FALSE,Pelangalaman menggunakan brimo mantap
377,1/5/2023 3:45,,sukaaaaa,5,FALSE,suka
378,1/5/2023 3:21,,Run Well,5,FALSE,bagus
379,1/5/2023 2:43,,bagus,5,FALSE,bagus
380,1/5/2023 0:53,,Sangat membantu dan efektif,5,FALSE,Pembayaran
381,1/5/2023 1:57,"{'id': 34149847, 'body': 'Hai Sobat BRI, mohon maaf atas kendala yang dialami. Saat ini aplikasi BRImo dalam keadaan normal. Apabila mengalami kendala, silakan kirimkan detail kendala melalui Email callbri@bri.co.id. Jika sudah tidak mengalami kendala kami harapkan bintang 5 dari Sobat BRI. Tks~Dio', 'modified': '2023-01-08T07:23:42Z'}","Aplikasi BANK BRI kbagus gajelas banget, setelah dapet kode dari sms terus gimana tahap selanjut nya ? Apakah harus ke bank dulu apa gimana ? Ribet banget sih.",1,FALSE,Masalah pembuatan mbanking BANK BRI
382,1/5/2023 1:36,"{'id': 34149957, 'body': 'Hai Sobat BRI, mohon maaf atas kendala yang dialami. Saat ini aplikasi BRImo dalam keadaan normal. Apabila mengalami kendala, silakan kirimkan detail kendala melalui Email callbri@bri.co.id. Jika sudah tidak mengalami kendala kami harapkan bintang 5 dari Sobat BRI. Tks~Dio\r\n', 'modified': '2023-01-08T07:43:41Z'}",Kenapa udah selesai input data lanjut verifikasi tp selalu loading stack di 60% gk berlanjut2 lg??,2,FALSE,Verification
383,1/4/2023 18:34,,ðŸ«°,5,FALSE,Top
384,1/5/2023 0:12,"{'id': 34149951, 'body': 'Hai Sobat BRI, mohon maaf atas ketidaknyamanannya. Apabila masih ingat Username dan Email yang terdaftar dapat melakukan aktivasi akun Internet Banking/BRImo terblbagusir dengan pilih menu ""Lupa Username/Password?"" pada aplikasi BRImo > Masukkan tanggal lahir dan User ID atau melalui Internet Banking versi Website https://ib.bri.co.id/ib-bri/ dengan cara pilih menu "">> Lupa password Anda?"" pada halaman Login > Masukkan User ID, nomor kartu ATM, Email dan kode Captcha > Klik ""Kirim"" > Masukkan Password baru dan konfirmasi Password baru > Masukkan kode m-Tbagusn > Pastikan nomor ponsel yang terdaftar tersedia pulsa minimal Rp1.000 > Silakan Login kembali namun pastikan penulisan besar dan kecil Username serta Password sudah sesuai ya. Jika sudah tidak mengalami kendala kami harapkan bintang 5 dari Sobat BRI. Tks~Dio\n\n', 'modified': '2023-01-08T07:43:10Z'}","Akun brimo saya keblbagusir, lalu saya coba lupa password dan berhasil ganti password baru. Pas login password dan user salah udah 5x tetap aja begitu selalu",2,FALSE,Kesal sekali
385,1/4/2023 14:19,,Mantap,5,FALSE,Brimo
386,1/4/2023 14:08,,"Sangat mmbantu,trimakasih",5,FALSE,Baik
387,1/4/2023 13:16,,Mantap,5,FALSE,Praktis
388,1/4/2023 11:20,,Mantap,5,FALSE,bagus
389,1/4/2023 11:05,,bagus,5,FALSE,bagus
390,1/4/2023 9:56,"{'id': 27354843, 'body': 'Terima kasih atas ulasannya. Semoga aplikasi BRImo semakin mempermudah transaksi Sobat BRI. Tks~Oscar', 'modified': '2023-01-04T09:56:47Z'}","BRImo keren, sekarang udah bisa semua transaksi",5,TRUE,BRImo
391,1/4/2023 10:19,"{'id': 34149990, 'body': 'Hai Sobat BRI, mohon maaf atas kendala yang dialami. Saat ini aplikasi BRImo dalam keadaan normal. Apabila mengalami kendala, silakan kirimkan detail kendala melalui Email callbri@bri.co.id. Jika sudah tidak mengalami kendala kami harapkan bintang 5 dari Sobat BRI. Tks~Dio', 'modified': '2023-01-08T07:52:55Z'}",Tidak bisa mengakses bri guna maupun ceria di IOS,3,FALSE,Akses gagal
392,1/4/2023 8:28,,Capat,5,FALSE,Transfer
393,1/4/2023 4:26,,excellent,5,FALSE,bagus
394,1/4/2023 3:56,,mantap,5,FALSE,mantap
395,1/4/2023 3:58,,"The logins mechanism is to complicated and also the log out, I hope it will be more simple in the future.",4,FALSE,Brimo review
396,1/4/2023 3:56,,bagus banget aplikasinya sangat membantu,5,FALSE,BRI mo
397,1/4/2023 1:23,,Sangat terbantu dengan adanya aplikasi brimo saat ini gk perlu ribet lagi ke bank,5,FALSE,Brimo
398,1/4/2023 1:39,,Menggunakan brimo memudahkan transaksi perbankkan,4,FALSE,Brimo
399,1/4/2023 0:19,,"Sangat membantu dalam transaksi keuangan, hemat waktu, tenaga, biaya, ruang gerak, dan semua dipermudah hanya dalam 1 genggaman.",5,FALSE,Pengalaman menggunakan BRImo
400,1/3/2023 17:11,,Alhamdulillah urusanku jadi mudah karna ada BRI,5,FALSE,MantappðŸ‘
401,1/3/2023 17:14,,bagusee,4,FALSE,mntp
402,1/3/2023 15:34,,Baik sekali pelayanannya,5,FALSE,Pelayanan sangat baik
403,1/3/2023 15:28,,Mantep,5,FALSE,Mantep
404,1/3/2023 15:01,,Ulasan,5,FALSE,Judul
405,1/3/2023 12:01,,Usefull,5,FALSE,bagus app
406,1/3/2023 11:53,,bagus,5,FALSE,bagus
407,1/3/2023 9:15,,banyak membantuðŸ™,5,FALSE,brimo
408,1/3/2023 7:08,,Sangat membantu,5,FALSE,Mudah dan cepat
409,1/3/2023 7:00,,Cepat dan tepat,5,FALSE,Puas
410,1/3/2023 6:30,,bagus aja dulu,5,FALSE,bagus
411,1/3/2023 6:39,,apa aps ini berlaku untuk bri junio?,4,FALSE,junio
412,1/3/2023 6:24,,Mantab kalee,5,FALSE,Mantab
413,1/3/2023 5:36,,Masih bagus,5,FALSE,Ulasan
414,1/3/2023 4:41,,Aplikasi jozzz,5,FALSE,Mantassp
415,1/3/2023 3:47,,"Pada saat penggunaan pertama saya keliru memasukkan password, 
recovery datanya cepat, sinkronisasi email dan sms dengan aplikasi menjadikan data lebih aman, semoga lebih baik lagi kedepan",5,FALSE,Recovery data
416,1/3/2023 3:10,,Mudah penggunaannya,5,FALSE,Mudah
417,1/3/2023 3:27,"{'id': 34149810, 'body': 'Hai Sobat BRI, mohon maaf atas kendala yang dialami. Saat ini aplikasi BRImo dalam keadaan normal. Apabila mengalami kendala, silakan kirimkan detail kendala melalui Email callbri@bri.co.id. Jika sudah tidak mengalami kendala kami harapkan bintang 5 dari Sobat BRI. Tks~Dio', 'modified': '2023-01-08T07:21:05Z'}",Maaf kak in Knp y saya mengatur tanggal lahir dn tanggal lahir nya tnggl 4 Tpi tdk bisa dia selalu ke tnggl 3 trs ! Tolong bantuannya begitupun bulan dan tahunnya susah di atur,1,FALSE,Tanggal tdk bisa di atur
418,1/3/2023 1:50,,Mantap,5,FALSE,Mantap
419,1/3/2023 1:21,,transaksi cepat aman,5,FALSE,terbaik
420,1/2/2023 19:24,,Mantappp,5,FALSE,bagus
421,1/2/2023 12:07,,Mempermudah transaksi ðŸ‘ðŸ»,4,FALSE,Mantap
422,1/2/2023 12:08,"{'id': 34149804, 'body': 'Hai Sobat BRI, mohon maaf atas kendala yang dialami. Saat ini aplikasi BRImo dalam keadaan normal. Apabila mengalami kendala, silakan kirimkan detail kendala melalui Email callbri@bri.co.id. Jika sudah tidak mengalami kendala kami harapkan bintang 5 dari Sobat BRI. Tks~Dio', 'modified': '2023-01-08T07:20:48Z'}","Ga bisa login, taek. Ada potongan gue kagak dikasih tau. Gue mau pindah BCA aja lah ajig",1,FALSE,Ribed
423,1/2/2023 11:52,,Luar Biasa,5,FALSE,Mantap
424,1/2/2023 11:06,,Mantap,5,FALSE,Sicepat
425,1/2/2023 11:18,,untuk saran alamgkah baiknya kalo ada pilihan print mutasi by pdf biar lbh gampang bagi kita yg punya usaha utk melihat rincian transaksi,4,FALSE,Transaksi lbh cpt
426,1/2/2023 9:20,,Baik sekali,5,FALSE,Pembayaran jadi lebih simpel
427,1/2/2023 9:06,,bagus,5,FALSE,bagus. Sangat membantu
428,1/2/2023 8:17,,Pemandangan sungai Mahakam ada kapal tongkang batu bara lewat siniðŸ˜„,5,FALSE,mantap fore coffe Big Mall Samarinda
429,1/2/2023 8:03,,Recommend,5,FALSE,Best
430,1/2/2023 6:25,,bagus,5,FALSE,Makin mantap ðŸ‘ðŸ»
431,1/2/2023 7:14,"{'id': 34149988, 'body': 'Hai Sobat BRI, jika kode OTP sudah kedaluwarsa, silakan melakukan permintaan ulang. Apabila sudah diterima mohon langsung dimasukkan pada kolom yang sudah disediakan. Jika sudah tidak mengalami kendala kami harapkan bintang 5 dari Sobat BRI. Tks~Dio', 'modified': '2023-01-08T07:52:38Z'}",kenapa kode otp yang gagal/kadaluarsa tidak dpt dimasukin kembali,3,FALSE,harap di perbaiki
432,1/2/2023 5:38,,"Pengguna baru dan masih aman2 aja,lancar Jaya. Tingkatkan lagi dan pertahankan yang sudah baik",5,FALSE,Semangat Meningkatkan pelayanan digital BRI
433,1/2/2023 5:38,,Kak kenapa pas saya masukkan rekaman kk tidk bisa terkirim tp ada tulisan error 1111 signature not valid itu kenapaya,5,FALSE,Keluhan
434,1/2/2023 5:35,,"Tampilan bagus, mudah, transfer ke dompet digital gratis. Terimakasih BRImo!",5,FALSE,Ramah Pengguna
435,1/2/2023 5:11,,"User interface yang sekarang mudah dipahami.
Aplikasinya ringan, tidak banyak fitur yang tidak perlu. Nyaman.",5,FALSE,bagus Bang
436,1/2/2023 5:30,"{'id': 34149801, 'body': 'Hai Sobat BRI, mohon maaf atas ketidaknyamannya. Kami sampaikan BRImo akan terblbagusir jika salah Password 3 kali berturut - turut, salah PIN 3 kali, tidak Login selama lebih dari 3 (tiga) bulan. Apabila masih ingat User ID dan Email yang terdaftar dapat melakukan aktivasi akun Internet Banking/BRImo terblbagusir dengan pilih menu ""Lupa Username/Password"" pada aplikasi BRImo > Masukkan tanggal lahir dan User ID atau melalui Internet Banking versi Website https://ib.bri.co.id/ib-bri/ dengan cara pilih menu "">> Lupa password Anda"" pada halaman Login > Masukkan User ID, nomor kartu ATM, Email dan kode Captcha > Klik ""Kirim"" > Masukkan Password baru dan konfirmasi Password baru > Masukkan kode m-Tbagusn > Pastikan nomor ponsel yang terdaftar tersedia pulsa minimal Rp1.000 > Silakan Login kembali. Jika sudah tidak mengalami kendala kami harapkan bintang 5 dari Sobat BRI. Tks~Dio', 'modified': '2023-01-08T07:20:25Z'}","Aplikasi klas bri kbagus busuk , wong gk ada yg salah log in kbagus diblbagusir..",1,FALSE,Busuk
437,1/2/2023 4:03,,Yoogbsbdndnsn,5,FALSE,bagus
438,1/2/2023 3:27,,Easy to use..,5,FALSE,ðŸ‘ŒðŸ¼
439,1/2/2023 3:25,,bagus,5,FALSE,Bimabas120896
440,1/2/2023 3:03,,Bismillah undian dapet mobil,5,FALSE,P
441,1/2/2023 2:54,,"Dalam operasional transaksi sperti pembayaran cicilan dengan transfer, pembayaran tbagusn listrik, dll lebih mudah dn cepat",5,FALSE,Operasional
442,1/2/2023 2:18,,Terima Kasih BRI,5,FALSE,Mantap
443,1/2/2023 1:03,,Mantap,5,FALSE,bagus
444,1/2/2023 1:43,,"Hampir semuanya sudah bagus. Namun, untuk isi menu riwayat transaksi tidak langsung terupdate setelah melakukan transaksi, sehingga untuk dilihat kembali pada list riwayat transaksi harus menunggu lama. Dan kadang suka double2 list transaksinya. Mohon ditindaklanjuti. Terima kasih.",4,FALSE,Riwayat Bukti Transfer Kurang Update
445,1/2/2023 0:57,,bagus,5,FALSE,hmm
446,1/1/2023 20:45,,Trimaksih,5,FALSE,Trimakasih brimo mempermudah segalanya
447,1/1/2023 15:53,,"Apk brimo the best, mau bayar apapun bisa pake apk iniðŸ¤",5,FALSE,baguseee
448,1/1/2023 19:12,"{'id': 34149981, 'body': 'Hai Sobat BRI, kode kesalahan SIR3 tampil jika Sobat BRI gagal proses e-KYC sebanyak 3 kali. Ketika melakukan verifikasi wajah mohon dipastikan kualitas video baik, seperti tidak terlalu terang, tidak membelakangi cahaya, tidak terlalu gelap, tidak terdapat lebih dari satu objek wajah atau tidak terdapat benda yang menutupi wajah. Kami sarankan pada saat proses perekaman video disesuaikan dengan foto e-KTP. Silakan lakukan perekaman wajah ulang pada esbagus hari atau 24 jam ke depan dan pastikan jaringan dalam keadaan baik ya. Jika sudah tidak mengalami kendala kami harapkan bintang 5 dari Sobat BRI. Tks~Dio', 'modified': '2023-01-08T07:50:54Z'}","Kbagus nggk bisa yah?,selalu ada tulisan e-kyc dinyatakan Gagal,silahkan mengulang registrasi.(kode:sir3) padahal udah berulang ulang kali",3,FALSE,Ntah lah!
449,1/1/2023 15:48,,Mudah di gunakan,5,FALSE,Terbaik
450,1/1/2023 15:43,,"bagus , transaksi sangat mudah .",5,FALSE,BRI MOBILE
451,1/1/2023 12:28,,Lebih gampang,5,FALSE,Mantap
452,1/1/2023 11:51,,Mantap,5,FALSE,Layanan baik
453,1/1/2023 9:50,,Smoga BRI meningkatkan security dan memberikan ilmu. Agar tdk banyak nasabah yang ketipu,5,FALSE,bagus
454,1/1/2023 10:11,"{'id': 34149766, 'body': 'Hai Sobat BRI, mohon maaf atas ketidaknyamanannya. Kami sampaikan pengecekan status rekening hanya dapat dilakukan melalui kantor BRI, karena membutuhkan verifikasi data yang bersifat rahasia. Demi keamanan dan kemudiahan transaksi kami sarankan menggunakan aplikasi BRImo ya. Jika sudah tidak mengalami kendala kami harapkan bintang 5 dari Sobat BRI. Tks~Dio', 'modified': '2023-01-08T07:16:48Z'}","Tidak bisa daftar, mau cek status rekening di Call Center aja ga bisa.
Gunanya Call Center apa?
3 tahun lalu call center ga bisa cek status rekening. Tp klo sudah bertahun2 pasti uda ga aktif.
Eh pas ke kantor cabang ternyata aktif, tp cabang kecil jg ga bisa ngapa2in mau minta kartu atm ga bisa jg, cuma bisa cek status rekening sm cek saldo.
Hri ini setelah lebih dr 3 tahun, telp call center infonya masih sama, ga ada perbaikan dr sisi layanan dimana bank2 lain sudah digital tanpa hrus ke cabang uda bisa cek status rekening dan request lain.
Ini BRI masih kolot.",1,FALSE,Tidak Bisa Daftar
455,1/1/2023 9:15,,Transaction went well,5,FALSE,bagus
456,1/1/2023 6:59,,Transksi cepat puas saya,5,FALSE,Cepat dan puas
457,1/1/2023 7:39,"{'id': 34149725, 'body': 'Hai Sobat BRI, mohon maaf atas kendala yang dialami. Saat ini aplikasi BRImo dalam keadaan normal. Apabila mengalami kendala, silakan kirimkan detail kendala melalui Email callbri@bri.co.id. Jika sudah tidak mengalami kendala kami harapkan bintang 5 dari Sobat BRI. Tks~Dio', 'modified': '2023-01-08T07:13:25Z'}","tidak puas dengan layanan,",1,FALSE,Tidak menyelesaikan aduan terkait masalah perbankan
458,1/1/2023 5:39,,Suka banget dgn process ini,5,FALSE,Perfect tools
459,1/1/2023 6:15,"{'id': 34149722, 'body': 'Hai Sobat BRI, kami informasikan ketika melakukan verifikasi wajah mohon dipastikan kualitas video baik, seperti tidak terlalu terang, tidak membelakangi cahaya, tidak terlalu gelap, tidak terdapat lebih dari satu objek wajah atau tidak terdapat benda yang menutupi wajah. Jika sudah berhasil kami harapkan bintang 5 dari Sobat BRI. Tks~Dio', 'modified': '2023-01-08T07:13:06Z'}","Saat sedang melakukan registrasi BRImo, tetapi selalu gagal di Rekaman Video 8 Detik, padahal sudah mengikuti aturan rekaman yg diminta, koneksi internet stabil, video terang dengan latar polos, suara kencang saat mengucapkan kata2 yg diminta, device dengan iOS 16.1.1 dan apps BRImo versi terbaru di 2.34.0. Tetapi selalu gagal dengan tulisan Error 111 Signature not valid.",1,FALSE,Selalu Error 111
460,1/1/2023 5:52,"{'id': 34149716, 'body': 'Hai Sobat BRI, mohon maaf atas kendala yang dialami. Saat ini aplikasi BRImo dalam keadaan normal. Apabila mengalami kendala, silakan kirimkan detail kendala melalui Email callbri@bri.co.id. Jika sudah tidak mengalami kendala kami harapkan bintang 5 dari Sobat BRI. Tks~Dio', 'modified': '2023-01-08T07:12:35Z'}","Gabisa daftar, gagal mulu",1,FALSE,Bad!!
461,1/1/2023 5:33,,bagus,5,FALSE,bagus
462,1/1/2023 3:47,,Baik,5,FALSE,bagus
463,1/1/2023 3:05,,Keren,5,FALSE,bagus
464,1/1/2023 2:20,,"Sangat membantu
Namun perlu ditingkatkan dari segi keamanan",5,FALSE,Baik
465,1/1/2023 1:47,,Semenjak ada BRIMO semuaNya menjadi Mudah dalam bertransaksi,5,FALSE,BRIMO
